"source","target","ligand","receptor","prob","pval","interaction_name","interaction_name_2","pathway_name","annotation","evidence"
"Macrophage_M1-like","Macrophage_M2-like","CCL5","CCR1",0.000475624972350791,0,"CCL5_CCR1","CCL5 - CCR1","CCL","Secreted Signaling","KEGG: hsa04060"
"Macrophage_M1-like","Macrophage_M2-like","CCL3","CCR1",0.0183906550245833,0,"CCL3_CCR1","CCL3 - CCR1","CCL","Secreted Signaling","KEGG: hsa04060"
"Macrophage_M2-like","Macrophage_M2-like","CCL3","CCR1",0.0116350156909907,0.02,"CCL3_CCR1","CCL3 - CCR1","CCL","Secreted Signaling","KEGG: hsa04060"
"Microglia_M1-like","Macrophage_M2-like","CCL3","CCR1",0.0198306801988382,0,"CCL3_CCR1","CCL3 - CCR1","CCL","Secreted Signaling","KEGG: hsa04060"
"Microglia_M2-like","Macrophage_M2-like","CCL3","CCR1",0.0154438195419676,0,"CCL3_CCR1","CCL3 - CCR1","CCL","Secreted Signaling","KEGG: hsa04060"
"Macrophage_M1-like","Macrophage_M2-like","CCL3L1","CCR1",0.0106268188502004,0,"CCL3L1_CCR1","CCL3L1 - CCR1","CCL","Secreted Signaling","KEGG: hsa04060"
"Macrophage_M2-like","Macrophage_M2-like","CCL3L1","CCR1",0.0026941760278567,0.02,"CCL3L1_CCR1","CCL3L1 - CCR1","CCL","Secreted Signaling","KEGG: hsa04060"
"Microglia_M1-like","Macrophage_M2-like","CCL3L1","CCR1",0.0140620799401051,0,"CCL3L1_CCR1","CCL3L1 - CCR1","CCL","Secreted Signaling","KEGG: hsa04060"
"Microglia_M2-like","Macrophage_M2-like","CCL3L1","CCR1",0.00449330092826792,0.02,"CCL3L1_CCR1","CCL3L1 - CCR1","CCL","Secreted Signaling","KEGG: hsa04060"
"Macrophage_M1-like","Macrophage_M1-like","MIF","CD74_CXCR4",0.00883877587422291,0,"MIF_CD74_CXCR4","MIF - (CD74+CXCR4)","MIF","Secreted Signaling","PMID: 29637711; PMID: 24760155"
"Macrophage_M2-like","Macrophage_M1-like","MIF","CD74_CXCR4",0.00923973677454385,0.01,"MIF_CD74_CXCR4","MIF - (CD74+CXCR4)","MIF","Secreted Signaling","PMID: 29637711; PMID: 24760155"
"Pericyte_fibroblast","Macrophage_M1-like","MIF","CD74_CXCR4",0.0385108479436654,0,"MIF_CD74_CXCR4","MIF - (CD74+CXCR4)","MIF","Secreted Signaling","PMID: 29637711; PMID: 24760155"
"Pericyte_fibroblast","Macrophage_M2-like","MIF","CD74_CXCR4",0.0273491695995926,0,"MIF_CD74_CXCR4","MIF - (CD74+CXCR4)","MIF","Secreted Signaling","PMID: 29637711; PMID: 24760155"
"Pericyte_fibroblast","Microglia_M1-like","MIF","CD74_CXCR4",0.0279994793244012,0,"MIF_CD74_CXCR4","MIF - (CD74+CXCR4)","MIF","Secreted Signaling","PMID: 29637711; PMID: 24760155"
"Pericyte_fibroblast","Microglia_M2-like","MIF","CD74_CXCR4",0.0220859349334025,0,"MIF_CD74_CXCR4","MIF - (CD74+CXCR4)","MIF","Secreted Signaling","PMID: 29637711; PMID: 24760155"
"Pericyte_fibroblast","Macrophage_M1-like","MIF","CD74_CD44",0.0587013863140794,0,"MIF_CD74_CD44","MIF - (CD74+CD44)","MIF","Secreted Signaling","PMID: 29637711; PMID: 26175090"
"Pericyte_fibroblast","Macrophage_M2-like","MIF","CD74_CD44",0.0537483652244654,0,"MIF_CD74_CD44","MIF - (CD74+CD44)","MIF","Secreted Signaling","PMID: 29637711; PMID: 26175090"
"Pericyte_fibroblast","Microglia_M1-like","MIF","CD74_CD44",0.0298100932948403,0,"MIF_CD74_CD44","MIF - (CD74+CD44)","MIF","Secreted Signaling","PMID: 29637711; PMID: 26175090"
"Pericyte_fibroblast","Microglia_M2-like","MIF","CD74_CD44",0.0296428995467523,0,"MIF_CD74_CD44","MIF - (CD74+CD44)","MIF","Secreted Signaling","PMID: 29637711; PMID: 26175090"
"Macrophage_M1-like","Macrophage_M1-like","TNF","TNFRSF1A",0.00132308394000339,0.01,"TNF_TNFRSF1A","TNF - TNFRSF1A","TNF","Secreted Signaling","KEGG: hsa04060"
"Microglia_M1-like","Macrophage_M1-like","TNF","TNFRSF1A",0.00361179470076218,0,"TNF_TNFRSF1A","TNF - TNFRSF1A","TNF","Secreted Signaling","KEGG: hsa04060"
"Macrophage_M1-like","Macrophage_M2-like","TNF","TNFRSF1A",0.00270726328175214,0,"TNF_TNFRSF1A","TNF - TNFRSF1A","TNF","Secreted Signaling","KEGG: hsa04060"
"Microglia_M1-like","Macrophage_M2-like","TNF","TNFRSF1A",0.00737269295378866,0,"TNF_TNFRSF1A","TNF - TNFRSF1A","TNF","Secreted Signaling","KEGG: hsa04060"
"Macrophage_M1-like","Pericyte_fibroblast","TNF","TNFRSF1A",0.00170857628057489,0.01,"TNF_TNFRSF1A","TNF - TNFRSF1A","TNF","Secreted Signaling","KEGG: hsa04060"
"Microglia_M1-like","Pericyte_fibroblast","TNF","TNFRSF1A",0.00466101114398465,0,"TNF_TNFRSF1A","TNF - TNFRSF1A","TNF","Secreted Signaling","KEGG: hsa04060"
"Macrophage_M1-like","Macrophage_M1-like","TNF","TNFRSF1B",0.00321048745240414,0,"TNF_TNFRSF1B","TNF - TNFRSF1B","TNF","Secreted Signaling","KEGG: hsa04060"
"Microglia_M1-like","Macrophage_M1-like","TNF","TNFRSF1B",0.00873552779588591,0,"TNF_TNFRSF1B","TNF - TNFRSF1B","TNF","Secreted Signaling","KEGG: hsa04060"
"Macrophage_M1-like","Macrophage_M2-like","TNF","TNFRSF1B",0.0030743274944395,0,"TNF_TNFRSF1B","TNF - TNFRSF1B","TNF","Secreted Signaling","KEGG: hsa04060"
"Microglia_M1-like","Macrophage_M2-like","TNF","TNFRSF1B",0.00836701228903123,0,"TNF_TNFRSF1B","TNF - TNFRSF1B","TNF","Secreted Signaling","KEGG: hsa04060"
"Macrophage_M1-like","Macrophage_M1-like","TNFSF12","TNFRSF12A",0.00091352339218746,0,"TNFSF12_TNFRSF12A","TNFSF12 - TNFRSF12A","TWEAK","Secreted Signaling","KEGG: hsa04060"
"Macrophage_M2-like","Macrophage_M1-like","TNFSF12","TNFRSF12A",0.000775971402368772,0.03,"TNFSF12_TNFRSF12A","TNFSF12 - TNFRSF12A","TWEAK","Secreted Signaling","KEGG: hsa04060"
"Macrophage_M1-like","Pericyte_fibroblast","TNFSF12","TNFRSF12A",0.00289448556945328,0,"TNFSF12_TNFRSF12A","TNFSF12 - TNFRSF12A","TWEAK","Secreted Signaling","KEGG: hsa04060"
"Macrophage_M2-like","Pericyte_fibroblast","TNFSF12","TNFRSF12A",0.00245938834799319,0,"TNFSF12_TNFRSF12A","TNFSF12 - TNFRSF12A","TWEAK","Secreted Signaling","KEGG: hsa04060"
"Macrophage_M1-like","Macrophage_M1-like","SPP1","CD44",0.0979566946791044,0,"SPP1_CD44","SPP1 - CD44","SPP1","Secreted Signaling","PMID: 21907263"
"Macrophage_M2-like","Macrophage_M1-like","SPP1","CD44",0.117000495935982,0,"SPP1_CD44","SPP1 - CD44","SPP1","Secreted Signaling","PMID: 21907263"
"Macrophage_M1-like","Macrophage_M2-like","SPP1","CD44",0.0866458724509672,0,"SPP1_CD44","SPP1 - CD44","SPP1","Secreted Signaling","PMID: 21907263"
"Macrophage_M2-like","Macrophage_M2-like","SPP1","CD44",0.103743631484878,0,"SPP1_CD44","SPP1 - CD44","SPP1","Secreted Signaling","PMID: 21907263"
"Macrophage_M1-like","Macrophage_M1-like","SPP1","ITGAV_ITGB1",0.0155761258167915,0,"SPP1_ITGAV_ITGB1","SPP1 - (ITGAV+ITGB1)","SPP1","Secreted Signaling","PMID: 21907263"
"Macrophage_M2-like","Macrophage_M1-like","SPP1","ITGAV_ITGB1",0.0189405738128856,0,"SPP1_ITGAV_ITGB1","SPP1 - (ITGAV+ITGB1)","SPP1","Secreted Signaling","PMID: 21907263"
"Macrophage_M1-like","Macrophage_M2-like","SPP1","ITGAV_ITGB1",0.0128812962179851,0.02,"SPP1_ITGAV_ITGB1","SPP1 - (ITGAV+ITGB1)","SPP1","Secreted Signaling","PMID: 21907263"
"Macrophage_M2-like","Macrophage_M2-like","SPP1","ITGAV_ITGB1",0.0156729274964195,0.02,"SPP1_ITGAV_ITGB1","SPP1 - (ITGAV+ITGB1)","SPP1","Secreted Signaling","PMID: 21907263"
"Macrophage_M1-like","Macrophage_M2-like","SPP1","ITGAV_ITGB5",0.0101619515662515,0,"SPP1_ITGAV_ITGB5","SPP1 - (ITGAV+ITGB5)","SPP1","Secreted Signaling","PMID: 21907263"
"Macrophage_M2-like","Macrophage_M2-like","SPP1","ITGAV_ITGB5",0.0123716333440652,0,"SPP1_ITGAV_ITGB5","SPP1 - (ITGAV+ITGB5)","SPP1","Secreted Signaling","PMID: 21907263"
"Microglia_M1-like","Macrophage_M2-like","SPP1","ITGAV_ITGB5",0.0071478773787531,0,"SPP1_ITGAV_ITGB5","SPP1 - (ITGAV+ITGB5)","SPP1","Secreted Signaling","PMID: 21907263"
"Microglia_M2-like","Macrophage_M2-like","SPP1","ITGAV_ITGB5",0.00833431173404635,0,"SPP1_ITGAV_ITGB5","SPP1 - (ITGAV+ITGB5)","SPP1","Secreted Signaling","PMID: 21907263"
"Macrophage_M1-like","Macrophage_M1-like","SPP1","ITGA5_ITGB1",0.0154390997150672,0,"SPP1_ITGA5_ITGB1","SPP1 - (ITGA5+ITGB1)","SPP1","Secreted Signaling","PMID: 21907263"
"Macrophage_M2-like","Macrophage_M1-like","SPP1","ITGA5_ITGB1",0.0187745145051931,0,"SPP1_ITGA5_ITGB1","SPP1 - (ITGA5+ITGB1)","SPP1","Secreted Signaling","PMID: 21907263"
"Macrophage_M1-like","Macrophage_M2-like","SPP1","ITGA5_ITGB1",0.0159591268513864,0.01,"SPP1_ITGA5_ITGB1","SPP1 - (ITGA5+ITGB1)","SPP1","Secreted Signaling","PMID: 21907263"
"Macrophage_M2-like","Macrophage_M2-like","SPP1","ITGA5_ITGB1",0.019404672472836,0,"SPP1_ITGA5_ITGB1","SPP1 - (ITGA5+ITGB1)","SPP1","Secreted Signaling","PMID: 21907263"
"Macrophage_M1-like","Macrophage_M1-like","NAMPT","ITGA5_ITGB1",0.0101818368998166,0,"NAMPT_ITGA5_ITGB1","NAMPT - (ITGA5+ITGB1)","VISFATIN","Secreted Signaling","PMID: 28490838"
"Macrophage_M2-like","Macrophage_M1-like","NAMPT","ITGA5_ITGB1",0.00928484821414083,0.02,"NAMPT_ITGA5_ITGB1","NAMPT - (ITGA5+ITGB1)","VISFATIN","Secreted Signaling","PMID: 28490838"
"Microglia_M1-like","Macrophage_M1-like","NAMPT","ITGA5_ITGB1",0.0126655813539821,0,"NAMPT_ITGA5_ITGB1","NAMPT - (ITGA5+ITGB1)","VISFATIN","Secreted Signaling","PMID: 28490838"
"Microglia_M2-like","Macrophage_M1-like","NAMPT","ITGA5_ITGB1",0.0169553031133581,0,"NAMPT_ITGA5_ITGB1","NAMPT - (ITGA5+ITGB1)","VISFATIN","Secreted Signaling","PMID: 28490838"
"Macrophage_M1-like","Macrophage_M2-like","NAMPT","ITGA5_ITGB1",0.0105266796670463,0.04,"NAMPT_ITGA5_ITGB1","NAMPT - (ITGA5+ITGB1)","VISFATIN","Secreted Signaling","PMID: 28490838"
"Microglia_M1-like","Macrophage_M2-like","NAMPT","ITGA5_ITGB1",0.0130934318749421,0.01,"NAMPT_ITGA5_ITGB1","NAMPT - (ITGA5+ITGB1)","VISFATIN","Secreted Signaling","PMID: 28490838"
"Microglia_M2-like","Macrophage_M2-like","NAMPT","ITGA5_ITGB1",0.0175254906844811,0,"NAMPT_ITGA5_ITGB1","NAMPT - (ITGA5+ITGB1)","VISFATIN","Secreted Signaling","PMID: 28490838"
"Pericyte_fibroblast","Pericyte_fibroblast","MDK","SDC1",0.00443025127883013,0,"MDK_SDC1","MDK - SDC1","MK","Secreted Signaling","PMID: 28356350"
"Pericyte_fibroblast","Macrophage_M1-like","MDK","SDC4",0.00332593014559553,0,"MDK_SDC4","MDK - SDC4","MK","Secreted Signaling","PMID: 28356350"
"Pericyte_fibroblast","Pericyte_fibroblast","MDK","SDC4",0.00442143107324256,0,"MDK_SDC4","MDK - SDC4","MK","Secreted Signaling","PMID: 28356350"
"Pericyte_fibroblast","Macrophage_M1-like","MDK","LRP1",0.00549445652236643,0,"MDK_LRP1","MDK - LRP1","MK","Secreted Signaling","PMID: 28356350"
"Pericyte_fibroblast","Macrophage_M2-like","MDK","LRP1",0.0212946363922967,0,"MDK_LRP1","MDK - LRP1","MK","Secreted Signaling","PMID: 28356350"
"Pericyte_fibroblast","Microglia_M1-like","MDK","LRP1",0.00523833262500267,0,"MDK_LRP1","MDK - LRP1","MK","Secreted Signaling","PMID: 28356350"
"Pericyte_fibroblast","Microglia_M2-like","MDK","LRP1",0.00875235132111223,0,"MDK_LRP1","MDK - LRP1","MK","Secreted Signaling","PMID: 28356350"
"Pericyte_fibroblast","Macrophage_M1-like","MDK","NCL",0.0169533141443595,0,"MDK_NCL","MDK - NCL","MK","Secreted Signaling","PMID: 28356350"
"Pericyte_fibroblast","Macrophage_M2-like","MDK","NCL",0.0179736701042043,0,"MDK_NCL","MDK - NCL","MK","Secreted Signaling","PMID: 28356350"
"Pericyte_fibroblast","Microglia_M1-like","MDK","NCL",0.00848609464363442,0,"MDK_NCL","MDK - NCL","MK","Secreted Signaling","PMID: 28356350"
"Pericyte_fibroblast","Microglia_M2-like","MDK","NCL",0.0135413281302872,0,"MDK_NCL","MDK - NCL","MK","Secreted Signaling","PMID: 28356350"
"Pericyte_fibroblast","Pericyte_fibroblast","MDK","NCL",0.0196648140771681,0,"MDK_NCL","MDK - NCL","MK","Secreted Signaling","PMID: 28356350"
"Macrophage_M1-like","Macrophage_M1-like","C3","C3AR1",0.0053323380662561,0,"C3_C3AR1","C3 - C3AR1","COMPLEMENT","Secreted Signaling","KEGG: hsa04080"
"Macrophage_M1-like","Macrophage_M2-like","C3","C3AR1",0.00618975929523985,0,"C3_C3AR1","C3 - C3AR1","COMPLEMENT","Secreted Signaling","KEGG: hsa04080"
"Macrophage_M1-like","Macrophage_M1-like","C3","ITGAM_ITGB2",0.00887504247156386,0,"C3_ITGAM_ITGB2","C3 - (ITGAM+ITGB2)","COMPLEMENT","Secreted Signaling","PMID: 16234578"
"Macrophage_M1-like","Macrophage_M2-like","C3","ITGAM_ITGB2",0.0153386911093176,0,"C3_ITGAM_ITGB2","C3 - (ITGAM+ITGB2)","COMPLEMENT","Secreted Signaling","PMID: 16234578"
"Microglia_M1-like","Macrophage_M2-like","C3","ITGAM_ITGB2",0.00528191638926468,0,"C3_ITGAM_ITGB2","C3 - (ITGAM+ITGB2)","COMPLEMENT","Secreted Signaling","PMID: 16234578"
"Macrophage_M1-like","Macrophage_M1-like","C3","ITGAX_ITGB2",0.0214310359260342,0,"C3_ITGAX_ITGB2","C3 - (ITGAX+ITGB2)","COMPLEMENT","Secreted Signaling","PMID: 16234578"
"Microglia_M1-like","Macrophage_M1-like","C3","ITGAX_ITGB2",0.0074098898250685,0.02,"C3_ITGAX_ITGB2","C3 - (ITGAX+ITGB2)","COMPLEMENT","Secreted Signaling","PMID: 16234578"
"Macrophage_M1-like","Macrophage_M2-like","C3","ITGAX_ITGB2",0.0206202893112344,0,"C3_ITGAX_ITGB2","C3 - (ITGAX+ITGB2)","COMPLEMENT","Secreted Signaling","PMID: 16234578"
"Microglia_M1-like","Macrophage_M2-like","C3","ITGAX_ITGB2",0.00712570761092133,0.04,"C3_ITGAX_ITGB2","C3 - (ITGAX+ITGB2)","COMPLEMENT","Secreted Signaling","PMID: 16234578"
"Macrophage_M1-like","Microglia_M2-like","C3","ITGAX_ITGB2",0.00821325087639978,0.03,"C3_ITGAX_ITGB2","C3 - (ITGAX+ITGB2)","COMPLEMENT","Secreted Signaling","PMID: 16234578"
"Macrophage_M1-like","Macrophage_M1-like","ANXA1","FPR1",0.0118532768073128,0,"ANXA1_FPR1","ANXA1 - FPR1","ANNEXIN","Secreted Signaling","PMID: 23230437"
"Macrophage_M2-like","Macrophage_M1-like","ANXA1","FPR1",0.00923429641805202,0,"ANXA1_FPR1","ANXA1 - FPR1","ANNEXIN","Secreted Signaling","PMID: 23230437"
"Microglia_M1-like","Macrophage_M1-like","ANXA1","FPR1",0.0106637627699137,0,"ANXA1_FPR1","ANXA1 - FPR1","ANNEXIN","Secreted Signaling","PMID: 23230437"
"Microglia_M2-like","Macrophage_M1-like","ANXA1","FPR1",0.0104184555262204,0.01,"ANXA1_FPR1","ANXA1 - FPR1","ANNEXIN","Secreted Signaling","PMID: 23230437"
"Macrophage_M1-like","Macrophage_M2-like","ANXA1","FPR1",0.0108069368181309,0,"ANXA1_FPR1","ANXA1 - FPR1","ANNEXIN","Secreted Signaling","PMID: 23230437"
"Microglia_M1-like","Macrophage_M2-like","ANXA1","FPR1",0.00972139330193885,0.03,"ANXA1_FPR1","ANXA1 - FPR1","ANNEXIN","Secreted Signaling","PMID: 23230437"
"Macrophage_M1-like","Macrophage_M1-like","LGALS9","PTPRC",0.0103133919110108,0,"LGALS9_CD45","LGALS9 - CD45","GALECTIN","Secreted Signaling","PMID: 30120235"
"Macrophage_M2-like","Macrophage_M1-like","LGALS9","PTPRC",0.0105225093703085,0,"LGALS9_CD45","LGALS9 - CD45","GALECTIN","Secreted Signaling","PMID: 30120235"
"Macrophage_M1-like","Macrophage_M2-like","LGALS9","PTPRC",0.00679586663796246,0,"LGALS9_CD45","LGALS9 - CD45","GALECTIN","Secreted Signaling","PMID: 30120235"
"Macrophage_M2-like","Macrophage_M2-like","LGALS9","PTPRC",0.00693416140387534,0,"LGALS9_CD45","LGALS9 - CD45","GALECTIN","Secreted Signaling","PMID: 30120235"
"Macrophage_M1-like","Microglia_M1-like","LGALS9","PTPRC",0.00571522224316727,0,"LGALS9_CD45","LGALS9 - CD45","GALECTIN","Secreted Signaling","PMID: 30120235"
"Macrophage_M2-like","Microglia_M1-like","LGALS9","PTPRC",0.00583165519481131,0.01,"LGALS9_CD45","LGALS9 - CD45","GALECTIN","Secreted Signaling","PMID: 30120235"
"Macrophage_M1-like","Macrophage_M1-like","LGALS9","HAVCR2",0.0139970792151438,0,"LGALS9_HAVCR2","LGALS9 - HAVCR2","GALECTIN","Secreted Signaling","PMID: 27192565"
"Macrophage_M2-like","Macrophage_M1-like","LGALS9","HAVCR2",0.0142798105383344,0,"LGALS9_HAVCR2","LGALS9 - HAVCR2","GALECTIN","Secreted Signaling","PMID: 27192565"
"Macrophage_M1-like","Macrophage_M2-like","LGALS9","HAVCR2",0.0143328347416325,0,"LGALS9_HAVCR2","LGALS9 - HAVCR2","GALECTIN","Secreted Signaling","PMID: 27192565"
"Macrophage_M2-like","Macrophage_M2-like","LGALS9","HAVCR2",0.0146222475180433,0,"LGALS9_HAVCR2","LGALS9 - HAVCR2","GALECTIN","Secreted Signaling","PMID: 27192565"
"Macrophage_M1-like","Microglia_M1-like","LGALS9","HAVCR2",0.00962015987683171,0,"LGALS9_HAVCR2","LGALS9 - HAVCR2","GALECTIN","Secreted Signaling","PMID: 27192565"
"Macrophage_M2-like","Microglia_M1-like","LGALS9","HAVCR2",0.0098153605575907,0.01,"LGALS9_HAVCR2","LGALS9 - HAVCR2","GALECTIN","Secreted Signaling","PMID: 27192565"
"Macrophage_M1-like","Microglia_M2-like","LGALS9","HAVCR2",0.00849244350495324,0,"LGALS9_HAVCR2","LGALS9 - HAVCR2","GALECTIN","Secreted Signaling","PMID: 27192565"
"Macrophage_M2-like","Microglia_M2-like","LGALS9","HAVCR2",0.00866496212517618,0.01,"LGALS9_HAVCR2","LGALS9 - HAVCR2","GALECTIN","Secreted Signaling","PMID: 27192565"
"Macrophage_M1-like","Macrophage_M1-like","LGALS9","CD44",0.0333665873769844,0,"LGALS9_CD44","LGALS9 - CD44","GALECTIN","Secreted Signaling","PMID: 25065622"
"Macrophage_M2-like","Macrophage_M1-like","LGALS9","CD44",0.0340270672708339,0,"LGALS9_CD44","LGALS9 - CD44","GALECTIN","Secreted Signaling","PMID: 25065622"
"Macrophage_M1-like","Macrophage_M2-like","LGALS9","CD44",0.0292718100403905,0,"LGALS9_CD44","LGALS9 - CD44","GALECTIN","Secreted Signaling","PMID: 25065622"
"Macrophage_M2-like","Macrophage_M2-like","LGALS9","CD44",0.0298537385653459,0,"LGALS9_CD44","LGALS9 - CD44","GALECTIN","Secreted Signaling","PMID: 25065622"
"Macrophage_M1-like","Macrophage_M1-like","ANXA1","FPR3",0.00853851310814228,0.01,"ANXA1_FPR3","ANXA1 - FPR3","ANNEXIN","Secreted Signaling","PMID: 33082511"
"Microglia_M1-like","Macrophage_M1-like","ANXA1","FPR3",0.00767906109479247,0.04,"ANXA1_FPR3","ANXA1 - FPR3","ANNEXIN","Secreted Signaling","PMID: 33082511"
"Macrophage_M1-like","Macrophage_M2-like","ANXA1","FPR3",0.0173775801060775,0,"ANXA1_FPR3","ANXA1 - FPR3","ANNEXIN","Secreted Signaling","PMID: 33082511"
"Macrophage_M2-like","Macrophage_M2-like","ANXA1","FPR3",0.0135547487375924,0,"ANXA1_FPR3","ANXA1 - FPR3","ANNEXIN","Secreted Signaling","PMID: 33082511"
"Microglia_M1-like","Macrophage_M2-like","ANXA1","FPR3",0.0156424605704199,0,"ANXA1_FPR3","ANXA1 - FPR3","ANNEXIN","Secreted Signaling","PMID: 33082511"
"Microglia_M2-like","Macrophage_M2-like","ANXA1","FPR3",0.0152843936506096,0,"ANXA1_FPR3","ANXA1 - FPR3","ANNEXIN","Secreted Signaling","PMID: 33082511"
"Pericyte_fibroblast","Macrophage_M2-like","ANXA1","FPR3",0.0102019159188356,0.03,"ANXA1_FPR3","ANXA1 - FPR3","ANNEXIN","Secreted Signaling","PMID: 33082511"
"Macrophage_M1-like","Macrophage_M1-like","LGALS9","P4HB",0.019061552700997,0,"LGALS9_P4HB","LGALS9 - P4HB","GALECTIN","Secreted Signaling","PMID:21670307;uniprot"
"Macrophage_M2-like","Macrophage_M1-like","LGALS9","P4HB",0.0194445654926767,0,"LGALS9_P4HB","LGALS9 - P4HB","GALECTIN","Secreted Signaling","PMID:21670307;uniprot"
"Macrophage_M1-like","Macrophage_M2-like","LGALS9","P4HB",0.0257139277662502,0,"LGALS9_P4HB","LGALS9 - P4HB","GALECTIN","Secreted Signaling","PMID:21670307;uniprot"
"Macrophage_M2-like","Macrophage_M2-like","LGALS9","P4HB",0.0262270360021037,0,"LGALS9_P4HB","LGALS9 - P4HB","GALECTIN","Secreted Signaling","PMID:21670307;uniprot"
"Macrophage_M1-like","Pericyte_fibroblast","LGALS9","P4HB",0.0201384912401302,0,"LGALS9_P4HB","LGALS9 - P4HB","GALECTIN","Secreted Signaling","PMID:21670307;uniprot"
"Macrophage_M2-like","Pericyte_fibroblast","LGALS9","P4HB",0.0205426902967592,0,"LGALS9_P4HB","LGALS9 - P4HB","GALECTIN","Secreted Signaling","PMID:21670307;uniprot"
"Macrophage_M1-like","Macrophage_M1-like","PPIA","BSG",0.0217459134365264,0,"PPIA_BSG","PPIA - BSG","CypA","Secreted Signaling","PMID: 36012604"
"Macrophage_M2-like","Macrophage_M1-like","PPIA","BSG",0.0189021997840724,0.03,"PPIA_BSG","PPIA - BSG","CypA","Secreted Signaling","PMID: 36012604"
"Macrophage_M1-like","Macrophage_M2-like","PPIA","BSG",0.0266585420287759,0,"PPIA_BSG","PPIA - BSG","CypA","Secreted Signaling","PMID: 36012604"
"Macrophage_M2-like","Macrophage_M2-like","PPIA","BSG",0.0231876312490259,0.03,"PPIA_BSG","PPIA - BSG","CypA","Secreted Signaling","PMID: 36012604"
"Macrophage_M1-like","Pericyte_fibroblast","PPIA","BSG",0.0289182231177237,0,"PPIA_BSG","PPIA - BSG","CypA","Secreted Signaling","PMID: 36012604"
"Macrophage_M2-like","Pericyte_fibroblast","PPIA","BSG",0.025160709742737,0,"PPIA_BSG","PPIA - BSG","CypA","Secreted Signaling","PMID: 36012604"
"Macrophage_M1-like","Macrophage_M1-like","PLAU","PLAUR",0.0109905392031601,0,"PLAU_PLAUR","PLAU - PLAUR","PLAU","Secreted Signaling","uniprot"
"Macrophage_M2-like","Macrophage_M1-like","PLAU","PLAUR",0.0164050356403993,0,"PLAU_PLAUR","PLAU - PLAUR","PLAU","Secreted Signaling","uniprot"
"Microglia_M1-like","Macrophage_M1-like","PLAU","PLAUR",0.0112759418893426,0.01,"PLAU_PLAUR","PLAU - PLAUR","PLAU","Secreted Signaling","uniprot"
"Macrophage_M1-like","Macrophage_M2-like","PLAU","PLAUR",0.00853726325174656,0,"PLAU_PLAUR","PLAU - PLAUR","PLAU","Secreted Signaling","uniprot"
"Macrophage_M2-like","Macrophage_M2-like","PLAU","PLAUR",0.012758743342896,0,"PLAU_PLAUR","PLAU - PLAUR","PLAU","Secreted Signaling","uniprot"
"Macrophage_M2-like","Microglia_M1-like","PLAU","PLAUR",0.0107090227811806,0.01,"PLAU_PLAUR","PLAU - PLAUR","PLAU","Secreted Signaling","uniprot"
"Macrophage_M2-like","Microglia_M2-like","PLAU","PLAUR",0.0108858438240681,0.01,"PLAU_PLAUR","PLAU - PLAUR","PLAU","Secreted Signaling","uniprot"
"Pericyte_fibroblast","Macrophage_M1-like","COL1A1","CD44",0.0044663677876028,0,"COL1A1_CD44","COL1A1 - CD44","COLLAGEN","ECM-Receptor","KEGG: hsa04512"
"Pericyte_fibroblast","Macrophage_M2-like","COL1A1","CD44",0.00390392730929065,0,"COL1A1_CD44","COL1A1 - CD44","COLLAGEN","ECM-Receptor","KEGG: hsa04512"
"Pericyte_fibroblast","Microglia_M1-like","COL1A1","CD44",0.00142614740069265,0,"COL1A1_CD44","COL1A1 - CD44","COLLAGEN","ECM-Receptor","KEGG: hsa04512"
"Pericyte_fibroblast","Microglia_M2-like","COL1A1","CD44",0.00146104530498497,0,"COL1A1_CD44","COL1A1 - CD44","COLLAGEN","ECM-Receptor","KEGG: hsa04512"
"Pericyte_fibroblast","Macrophage_M1-like","COL6A1","CD44",0.00384471670203923,0,"COL6A1_CD44","COL6A1 - CD44","COLLAGEN","ECM-Receptor","KEGG: hsa04512"
"Pericyte_fibroblast","Macrophage_M2-like","COL6A1","CD44",0.00336029522707687,0,"COL6A1_CD44","COL6A1 - CD44","COLLAGEN","ECM-Receptor","KEGG: hsa04512"
"Pericyte_fibroblast","Microglia_M1-like","COL6A1","CD44",0.00122712758312554,0,"COL6A1_CD44","COL6A1 - CD44","COLLAGEN","ECM-Receptor","KEGG: hsa04512"
"Pericyte_fibroblast","Microglia_M2-like","COL6A1","CD44",0.00125716159283437,0,"COL6A1_CD44","COL6A1 - CD44","COLLAGEN","ECM-Receptor","KEGG: hsa04512"
"Pericyte_fibroblast","Macrophage_M1-like","COL9A3","CD44",0.00394122760105744,0,"COL9A3_CD44","COL9A3 - CD44","COLLAGEN","ECM-Receptor","KEGG: hsa04512"
"Pericyte_fibroblast","Macrophage_M2-like","COL9A3","CD44",0.00344468812411901,0,"COL9A3_CD44","COL9A3 - CD44","COLLAGEN","ECM-Receptor","KEGG: hsa04512"
"Pericyte_fibroblast","Microglia_M1-like","COL9A3","CD44",0.00125801418127893,0,"COL9A3_CD44","COL9A3 - CD44","COLLAGEN","ECM-Receptor","KEGG: hsa04512"
"Pericyte_fibroblast","Microglia_M2-like","COL9A3","CD44",0.00128880316657178,0,"COL9A3_CD44","COL9A3 - CD44","COLLAGEN","ECM-Receptor","KEGG: hsa04512"
"Pericyte_fibroblast","Macrophage_M1-like","LAMA5","CD44",0.00463680571975287,0,"LAMA5_CD44","LAMA5 - CD44","LAMININ","ECM-Receptor","KEGG: hsa04512"
"Pericyte_fibroblast","Macrophage_M2-like","LAMA5","CD44",0.00405298972354418,0,"LAMA5_CD44","LAMA5 - CD44","LAMININ","ECM-Receptor","KEGG: hsa04512"
"Pericyte_fibroblast","Microglia_M1-like","LAMA5","CD44",0.00148074217262435,0,"LAMA5_CD44","LAMA5 - CD44","LAMININ","ECM-Receptor","KEGG: hsa04512"
"Pericyte_fibroblast","Microglia_M2-like","LAMA5","CD44",0.00151697398447266,0,"LAMA5_CD44","LAMA5 - CD44","LAMININ","ECM-Receptor","KEGG: hsa04512"
"Pericyte_fibroblast","Pericyte_fibroblast","COL1A1","SDC1",0.000550569844184948,0,"COL1A1_SDC1","COL1A1 - SDC1","COLLAGEN","ECM-Receptor","KEGG: hsa04512"
"Pericyte_fibroblast","Pericyte_fibroblast","COL6A1","SDC1",0.000473679496186595,0,"COL6A1_SDC1","COL6A1 - SDC1","COLLAGEN","ECM-Receptor","KEGG: hsa04512"
"Pericyte_fibroblast","Pericyte_fibroblast","COL9A3","SDC1",0.000485611151226387,0,"COL9A3_SDC1","COL9A3 - SDC1","COLLAGEN","ECM-Receptor","KEGG: hsa04512"
"Pericyte_fibroblast","Macrophage_M1-like","COL1A1","SDC4",0.000412929130824309,0,"COL1A1_SDC4","COL1A1 - SDC4","COLLAGEN","ECM-Receptor","KEGG: hsa04512"
"Pericyte_fibroblast","Pericyte_fibroblast","COL1A1","SDC4",0.000549469449376999,0,"COL1A1_SDC4","COL1A1 - SDC4","COLLAGEN","ECM-Receptor","KEGG: hsa04512"
"Pericyte_fibroblast","Macrophage_M1-like","COL6A1","SDC4",0.000355254293169211,0,"COL6A1_SDC4","COL6A1 - SDC4","COLLAGEN","ECM-Receptor","KEGG: hsa04512"
"Pericyte_fibroblast","Pericyte_fibroblast","COL6A1","SDC4",0.000472732705359662,0,"COL6A1_SDC4","COL6A1 - SDC4","COLLAGEN","ECM-Receptor","KEGG: hsa04512"
"Pericyte_fibroblast","Macrophage_M1-like","COL9A3","SDC4",0.000364203987168851,0,"COL9A3_SDC4","COL9A3 - SDC4","COLLAGEN","ECM-Receptor","KEGG: hsa04512"
"Pericyte_fibroblast","Pericyte_fibroblast","COL9A3","SDC4",0.000484640522964732,0,"COL9A3_SDC4","COL9A3 - SDC4","COLLAGEN","ECM-Receptor","KEGG: hsa04512"
"Macrophage_M1-like","Macrophage_M1-like","PGE2-PTGES3","PTGER4",0.00750719519494868,0.01,"PGE2-PTGES3_PTGER4","PGE2-PTGES3 - PTGER4","Prostaglandin","Non-protein Signaling","PMID: 34949672;PMID: 21508345"
"Pericyte_fibroblast","Macrophage_M1-like","PGE2-PTGES3","PTGER4",0.00901932333681797,0,"PGE2-PTGES3_PTGER4","PGE2-PTGES3 - PTGER4","Prostaglandin","Non-protein Signaling","PMID: 34949672;PMID: 21508345"
"Macrophage_M1-like","Microglia_M1-like","PGE2-PTGES3","PTGER4",0.00846621074375665,0.01,"PGE2-PTGES3_PTGER4","PGE2-PTGES3 - PTGER4","Prostaglandin","Non-protein Signaling","PMID: 34949672;PMID: 21508345"
"Pericyte_fibroblast","Microglia_M1-like","PGE2-PTGES3","PTGER4",0.010169528195027,0,"PGE2-PTGES3_PTGER4","PGE2-PTGES3 - PTGER4","Prostaglandin","Non-protein Signaling","PMID: 34949672;PMID: 21508345"
"Macrophage_M1-like","Microglia_M2-like","PGE2-PTGES3","PTGER4",0.00866015659145886,0.02,"PGE2-PTGES3_PTGER4","PGE2-PTGES3 - PTGER4","Prostaglandin","Non-protein Signaling","PMID: 34949672;PMID: 21508345"
"Pericyte_fibroblast","Microglia_M2-like","PGE2-PTGES3","PTGER4",0.0104020846647649,0.01,"PGE2-PTGES3_PTGER4","PGE2-PTGES3 - PTGER4","Prostaglandin","Non-protein Signaling","PMID: 34949672;PMID: 21508345"
"Macrophage_M1-like","Pericyte_fibroblast","Cholesterol-LIPA","RORA",0.00207738024956682,0,"Cholesterol-Cholesterol-LIPA_RORA","CHOLESTEROL-LIPA - RORA","Cholesterol","Non-protein Signaling","HMRbase;PMID:12467577;PDB:1N83"
"Macrophage_M2-like","Pericyte_fibroblast","Cholesterol-LIPA","RORA",0.003042653741992,0,"Cholesterol-Cholesterol-LIPA_RORA","CHOLESTEROL-LIPA - RORA","Cholesterol","Non-protein Signaling","HMRbase;PMID:12467577;PDB:1N83"
"Pericyte_fibroblast","Macrophage_M1-like","APP","CD74",0.107168298666561,0,"APP_CD74","APP - CD74","APP","Cell-Cell Contact","PMID: 19849849"
"Pericyte_fibroblast","Macrophage_M2-like","APP","CD74",0.102326590209393,0,"APP_CD74","APP - CD74","APP","Cell-Cell Contact","PMID: 19849849"
"Pericyte_fibroblast","Microglia_M1-like","APP","CD74",0.0838581127458828,0,"APP_CD74","APP - CD74","APP","Cell-Cell Contact","PMID: 19849849"
"Pericyte_fibroblast","Microglia_M2-like","APP","CD74",0.0811481141110653,0,"APP_CD74","APP - CD74","APP","Cell-Cell Contact","PMID: 19849849"
"Macrophage_M1-like","Macrophage_M1-like","CADM1","CADM1",0.000493994463627182,0,"CADM1_CADM1","CADM1 - CADM1","CADM","Cell-Cell Contact","PMID: 24503895"
"Macrophage_M1-like","Macrophage_M1-like","ENTPD1","TMIGD3",0.000621425720803292,0,"ENTPD1_TMIGD3","ENTPD1 - TMIGD3","CD39","Cell-Cell Contact","PMID: 21677139"
"Macrophage_M1-like","Macrophage_M2-like","ENTPD1","TMIGD3",0.000619908880154502,0,"ENTPD1_TMIGD3","ENTPD1 - TMIGD3","CD39","Cell-Cell Contact","PMID: 21677139"
"Macrophage_M1-like","Microglia_M1-like","ENTPD1","TMIGD3",0.000448170876530496,0,"ENTPD1_TMIGD3","ENTPD1 - TMIGD3","CD39","Cell-Cell Contact","PMID: 21677139"
"Macrophage_M1-like","Macrophage_M2-like","PTPRC","MRC1",0.0138769222004234,0,"PTPRC_MRC1","PTPRC - MRC1","CD45","Cell-Cell Contact","PMID: 27601670; PMID: 10575006"
"Macrophage_M2-like","Macrophage_M2-like","PTPRC","MRC1",0.00915524869107408,0,"PTPRC_MRC1","PTPRC - MRC1","CD45","Cell-Cell Contact","PMID: 27601670; PMID: 10575006"
"Microglia_M1-like","Macrophage_M2-like","PTPRC","MRC1",0.00770233678909109,0,"PTPRC_MRC1","PTPRC - MRC1","CD45","Cell-Cell Contact","PMID: 27601670; PMID: 10575006"
"Macrophage_M1-like","Microglia_M2-like","PTPRC","MRC1",0.0055569432405912,0,"PTPRC_MRC1","PTPRC - MRC1","CD45","Cell-Cell Contact","PMID: 27601670; PMID: 10575006"
"Macrophage_M2-like","Microglia_M2-like","PTPRC","MRC1",0.00365567848460859,0,"PTPRC_MRC1","PTPRC - MRC1","CD45","Cell-Cell Contact","PMID: 27601670; PMID: 10575006"
"Microglia_M1-like","Microglia_M2-like","PTPRC","MRC1",0.00307282607845026,0.01,"PTPRC_MRC1","PTPRC - MRC1","CD45","Cell-Cell Contact","PMID: 27601670; PMID: 10575006"
"Macrophage_M1-like","Macrophage_M1-like","CD99","PILRA",0.00489760434230745,0,"CD99_PILRA","CD99 - PILRA","CD99","Cell-Cell Contact","PMID: 18234675"
"Macrophage_M2-like","Macrophage_M1-like","CD99","PILRA",0.00606164185900411,0,"CD99_PILRA","CD99 - PILRA","CD99","Cell-Cell Contact","PMID: 18234675"
"Macrophage_M1-like","Macrophage_M2-like","CD99","PILRA",0.00470998585403214,0,"CD99_PILRA","CD99 - PILRA","CD99","Cell-Cell Contact","PMID: 18234675"
"Macrophage_M2-like","Macrophage_M2-like","CD99","PILRA",0.00582969240759474,0,"CD99_PILRA","CD99 - PILRA","CD99","Cell-Cell Contact","PMID: 18234675"
"Macrophage_M1-like","Macrophage_M1-like","CD99","CD99",0.015165757943418,0,"CD99_CD99","CD99 - CD99","CD99","Cell-Cell Contact","KEGG: hsa04514"
"Macrophage_M2-like","Macrophage_M1-like","CD99","CD99",0.0187243562569993,0,"CD99_CD99","CD99 - CD99","CD99","Cell-Cell Contact","KEGG: hsa04514"
"Macrophage_M1-like","Macrophage_M2-like","CD99","CD99",0.0187243562569993,0,"CD99_CD99","CD99 - CD99","CD99","Cell-Cell Contact","KEGG: hsa04514"
"Macrophage_M2-like","Macrophage_M2-like","CD99","CD99",0.0230983841957451,0,"CD99_CD99","CD99 - CD99","CD99","Cell-Cell Contact","KEGG: hsa04514"
"Pericyte_fibroblast","Pericyte_fibroblast","CDH1","CDH1",0.000776521769034023,0,"CDH1_CDH1","CDH1 - CDH1","CDH","Cell-Cell Contact","KEGG: hsa04514"
"Pericyte_fibroblast","Pericyte_fibroblast","DSC2","DSG2",0.000317701925589549,0,"DSC2_DSG2","DSC2 - DSG2","DESMOSOME","Cell-Cell Contact","PMID: 27298358"
"Macrophage_M1-like","Macrophage_M1-like","ICAM1","ITGAX_ITGB2",0.0252886530087169,0,"ICAM1_ITGAX_ITGB2","ICAM1 - (ITGAX+ITGB2)","ICAM","Cell-Cell Contact","PMID: 16252253"
"Macrophage_M2-like","Macrophage_M1-like","ICAM1","ITGAX_ITGB2",0.0177693023951465,0,"ICAM1_ITGAX_ITGB2","ICAM1 - (ITGAX+ITGB2)","ICAM","Cell-Cell Contact","PMID: 16252253"
"Microglia_M1-like","Macrophage_M1-like","ICAM1","ITGAX_ITGB2",0.0247672153988154,0,"ICAM1_ITGAX_ITGB2","ICAM1 - (ITGAX+ITGB2)","ICAM","Cell-Cell Contact","PMID: 16252253"
"Macrophage_M1-like","Macrophage_M2-like","ICAM1","ITGAX_ITGB2",0.0243356000518474,0,"ICAM1_ITGAX_ITGB2","ICAM1 - (ITGAX+ITGB2)","ICAM","Cell-Cell Contact","PMID: 16252253"
"Macrophage_M2-like","Macrophage_M2-like","ICAM1","ITGAX_ITGB2",0.0170946610562873,0,"ICAM1_ITGAX_ITGB2","ICAM1 - (ITGAX+ITGB2)","ICAM","Cell-Cell Contact","PMID: 16252253"
"Microglia_M1-like","Macrophage_M2-like","ICAM1","ITGAX_ITGB2",0.0238333333406279,0,"ICAM1_ITGAX_ITGB2","ICAM1 - (ITGAX+ITGB2)","ICAM","Cell-Cell Contact","PMID: 16252253"
"Macrophage_M1-like","Macrophage_M1-like","ICAM1","ITGAM_ITGB2",0.0104968061530129,0,"ICAM1_ITGAM_ITGB2","ICAM1 - (ITGAM+ITGB2)","ICAM","Cell-Cell Contact","KEGG: hsa04514"
"Microglia_M1-like","Macrophage_M1-like","ICAM1","ITGAM_ITGB2",0.0102771521432911,0.01,"ICAM1_ITGAM_ITGB2","ICAM1 - (ITGAM+ITGB2)","ICAM","Cell-Cell Contact","KEGG: hsa04514"
"Macrophage_M1-like","Macrophage_M2-like","ICAM1","ITGAM_ITGB2",0.0181199835341061,0,"ICAM1_ITGAM_ITGB2","ICAM1 - (ITGAM+ITGB2)","ICAM","Cell-Cell Contact","KEGG: hsa04514"
"Macrophage_M2-like","Macrophage_M2-like","ICAM1","ITGAM_ITGB2",0.012704389011635,0,"ICAM1_ITGAM_ITGB2","ICAM1 - (ITGAM+ITGB2)","ICAM","Cell-Cell Contact","KEGG: hsa04514"
"Microglia_M1-like","Macrophage_M2-like","ICAM1","ITGAM_ITGB2",0.0177436689950339,0,"ICAM1_ITGAM_ITGB2","ICAM1 - (ITGAM+ITGB2)","ICAM","Cell-Cell Contact","KEGG: hsa04514"
"Pericyte_fibroblast","Pericyte_fibroblast","F11R","F11R",0.00134604679205066,0,"F11R_F11R","F11R - F11R","JAM","Cell-Cell Contact","KEGG: hsa04514"
"Macrophage_M1-like","Macrophage_M1-like","HLA-DPA1","CD4",0.0295534406093233,0,"HLA-DPA1_CD4","HLA-DPA1 - CD4","MHC-II","Cell-Cell Contact","KEGG: hsa04514"
"Macrophage_M2-like","Macrophage_M1-like","HLA-DPA1","CD4",0.0245021639265398,0.01,"HLA-DPA1_CD4","HLA-DPA1 - CD4","MHC-II","Cell-Cell Contact","KEGG: hsa04514"
"Macrophage_M1-like","Macrophage_M2-like","HLA-DPA1","CD4",0.0696951618895424,0,"HLA-DPA1_CD4","HLA-DPA1 - CD4","MHC-II","Cell-Cell Contact","KEGG: hsa04514"
"Macrophage_M2-like","Macrophage_M2-like","HLA-DPA1","CD4",0.0581942904523531,0,"HLA-DPA1_CD4","HLA-DPA1 - CD4","MHC-II","Cell-Cell Contact","KEGG: hsa04514"
"Microglia_M1-like","Macrophage_M2-like","HLA-DPA1","CD4",0.0353978968853934,0,"HLA-DPA1_CD4","HLA-DPA1 - CD4","MHC-II","Cell-Cell Contact","KEGG: hsa04514"
"Microglia_M2-like","Macrophage_M2-like","HLA-DPA1","CD4",0.0322508850810477,0,"HLA-DPA1_CD4","HLA-DPA1 - CD4","MHC-II","Cell-Cell Contact","KEGG: hsa04514"
"Macrophage_M1-like","Microglia_M2-like","HLA-DPA1","CD4",0.0323109150251975,0.03,"HLA-DPA1_CD4","HLA-DPA1 - CD4","MHC-II","Cell-Cell Contact","KEGG: hsa04514"
"Macrophage_M2-like","Microglia_M2-like","HLA-DPA1","CD4",0.0268013469327153,0.04,"HLA-DPA1_CD4","HLA-DPA1 - CD4","MHC-II","Cell-Cell Contact","KEGG: hsa04514"
"Macrophage_M1-like","Macrophage_M1-like","HLA-DPB1","CD4",0.0269582215322849,0,"HLA-DPB1_CD4","HLA-DPB1 - CD4","MHC-II","Cell-Cell Contact","KEGG: hsa04514"
"Macrophage_M2-like","Macrophage_M1-like","HLA-DPB1","CD4",0.0223249686463113,0,"HLA-DPB1_CD4","HLA-DPB1 - CD4","MHC-II","Cell-Cell Contact","KEGG: hsa04514"
"Macrophage_M1-like","Macrophage_M2-like","HLA-DPB1","CD4",0.0638066893562299,0,"HLA-DPB1_CD4","HLA-DPB1 - CD4","MHC-II","Cell-Cell Contact","KEGG: hsa04514"
"Macrophage_M2-like","Macrophage_M2-like","HLA-DPB1","CD4",0.0531865337303793,0,"HLA-DPB1_CD4","HLA-DPB1 - CD4","MHC-II","Cell-Cell Contact","KEGG: hsa04514"
"Microglia_M1-like","Macrophage_M2-like","HLA-DPB1","CD4",0.0308805241763053,0,"HLA-DPB1_CD4","HLA-DPB1 - CD4","MHC-II","Cell-Cell Contact","KEGG: hsa04514"
"Microglia_M2-like","Macrophage_M2-like","HLA-DPB1","CD4",0.0282688848000261,0,"HLA-DPB1_CD4","HLA-DPB1 - CD4","MHC-II","Cell-Cell Contact","KEGG: hsa04514"
"Macrophage_M1-like","Microglia_M2-like","HLA-DPB1","CD4",0.029480905937942,0.03,"HLA-DPB1_CD4","HLA-DPB1 - CD4","MHC-II","Cell-Cell Contact","KEGG: hsa04514"
"Macrophage_M2-like","Microglia_M2-like","HLA-DPB1","CD4",0.0244249678742622,0.04,"HLA-DPB1_CD4","HLA-DPB1 - CD4","MHC-II","Cell-Cell Contact","KEGG: hsa04514"
"Macrophage_M1-like","Macrophage_M1-like","HLA-DQA1","CD4",0.019294389266293,0,"HLA-DQA1_CD4","HLA-DQA1 - CD4","MHC-II","Cell-Cell Contact","KEGG: hsa04514"
"Macrophage_M1-like","Macrophage_M2-like","HLA-DQA1","CD4",0.0461643630984288,0,"HLA-DQA1_CD4","HLA-DQA1 - CD4","MHC-II","Cell-Cell Contact","KEGG: hsa04514"
"Macrophage_M2-like","Macrophage_M2-like","HLA-DQA1","CD4",0.0294474052316508,0,"HLA-DQA1_CD4","HLA-DQA1 - CD4","MHC-II","Cell-Cell Contact","KEGG: hsa04514"
"Microglia_M1-like","Macrophage_M2-like","HLA-DQA1","CD4",0.0241391599720515,0,"HLA-DQA1_CD4","HLA-DQA1 - CD4","MHC-II","Cell-Cell Contact","KEGG: hsa04514"
"Macrophage_M1-like","Microglia_M2-like","HLA-DQA1","CD4",0.0211154737757662,0.03,"HLA-DQA1_CD4","HLA-DQA1 - CD4","MHC-II","Cell-Cell Contact","KEGG: hsa04514"
"Macrophage_M1-like","Macrophage_M1-like","HLA-DMA","CD4",0.0148803155464794,0,"HLA-DMA_CD4","HLA-DMA - CD4","MHC-II","Cell-Cell Contact","KEGG: hsa04514"
"Macrophage_M2-like","Macrophage_M1-like","HLA-DMA","CD4",0.0114622148335913,0.01,"HLA-DMA_CD4","HLA-DMA - CD4","MHC-II","Cell-Cell Contact","KEGG: hsa04514"
"Macrophage_M1-like","Macrophage_M2-like","HLA-DMA","CD4",0.0358276835023668,0,"HLA-DMA_CD4","HLA-DMA - CD4","MHC-II","Cell-Cell Contact","KEGG: hsa04514"
"Macrophage_M2-like","Macrophage_M2-like","HLA-DMA","CD4",0.0277333036916648,0,"HLA-DMA_CD4","HLA-DMA - CD4","MHC-II","Cell-Cell Contact","KEGG: hsa04514"
"Macrophage_M1-like","Microglia_M2-like","HLA-DMA","CD4",0.0162917024265652,0.03,"HLA-DMA_CD4","HLA-DMA - CD4","MHC-II","Cell-Cell Contact","KEGG: hsa04514"
"Macrophage_M1-like","Macrophage_M1-like","HLA-DMB","CD4",0.00874130230320271,0,"HLA-DMB_CD4","HLA-DMB - CD4","MHC-II","Cell-Cell Contact","KEGG: hsa04514"
"Macrophage_M2-like","Macrophage_M1-like","HLA-DMB","CD4",0.00802352481002537,0,"HLA-DMB_CD4","HLA-DMB - CD4","MHC-II","Cell-Cell Contact","KEGG: hsa04514"
"Macrophage_M1-like","Macrophage_M2-like","HLA-DMB","CD4",0.0212329050120355,0,"HLA-DMB_CD4","HLA-DMB - CD4","MHC-II","Cell-Cell Contact","KEGG: hsa04514"
"Macrophage_M2-like","Macrophage_M2-like","HLA-DMB","CD4",0.0195095883324496,0,"HLA-DMB_CD4","HLA-DMB - CD4","MHC-II","Cell-Cell Contact","KEGG: hsa04514"
"Macrophage_M1-like","Microglia_M2-like","HLA-DMB","CD4",0.00957606852239627,0,"HLA-DMB_CD4","HLA-DMB - CD4","MHC-II","Cell-Cell Contact","KEGG: hsa04514"
"Macrophage_M2-like","Microglia_M2-like","HLA-DMB","CD4",0.00879035344222812,0.02,"HLA-DMB_CD4","HLA-DMB - CD4","MHC-II","Cell-Cell Contact","KEGG: hsa04514"
"Macrophage_M1-like","Macrophage_M1-like","HLA-DOA","CD4",0.00137770843050377,0,"HLA-DOA_CD4","HLA-DOA - CD4","MHC-II","Cell-Cell Contact","KEGG: hsa04514"
"Macrophage_M1-like","Macrophage_M2-like","HLA-DOA","CD4",0.00338240445600198,0,"HLA-DOA_CD4","HLA-DOA - CD4","MHC-II","Cell-Cell Contact","KEGG: hsa04514"
"Macrophage_M1-like","Microglia_M2-like","HLA-DOA","CD4",0.00151034658955722,0,"HLA-DOA_CD4","HLA-DOA - CD4","MHC-II","Cell-Cell Contact","KEGG: hsa04514"
"Macrophage_M1-like","Macrophage_M1-like","HLA-DQB1","CD4",0.0190555293710301,0,"HLA-DQB1_CD4","HLA-DQB1 - CD4","MHC-II","Cell-Cell Contact","KEGG: hsa04514"
"Macrophage_M1-like","Macrophage_M2-like","HLA-DQB1","CD4",0.045608329203157,0,"HLA-DQB1_CD4","HLA-DQB1 - CD4","MHC-II","Cell-Cell Contact","KEGG: hsa04514"
"Macrophage_M2-like","Macrophage_M2-like","HLA-DQB1","CD4",0.0325328473148269,0,"HLA-DQB1_CD4","HLA-DQB1 - CD4","MHC-II","Cell-Cell Contact","KEGG: hsa04514"
"Microglia_M1-like","Macrophage_M2-like","HLA-DQB1","CD4",0.0320866196239126,0,"HLA-DQB1_CD4","HLA-DQB1 - CD4","MHC-II","Cell-Cell Contact","KEGG: hsa04514"
"Microglia_M2-like","Macrophage_M2-like","HLA-DQB1","CD4",0.0269299896120893,0,"HLA-DQB1_CD4","HLA-DQB1 - CD4","MHC-II","Cell-Cell Contact","KEGG: hsa04514"
"Macrophage_M1-like","Microglia_M2-like","HLA-DQB1","CD4",0.0208545486996556,0.03,"HLA-DQB1_CD4","HLA-DQB1 - CD4","MHC-II","Cell-Cell Contact","KEGG: hsa04514"
"Macrophage_M1-like","Macrophage_M1-like","HLA-DRA","CD4",0.0357146646832527,0,"HLA-DRA_CD4","HLA-DRA - CD4","MHC-II","Cell-Cell Contact","KEGG: hsa04514"
"Macrophage_M2-like","Macrophage_M1-like","HLA-DRA","CD4",0.0316297483601448,0.01,"HLA-DRA_CD4","HLA-DRA - CD4","MHC-II","Cell-Cell Contact","KEGG: hsa04514"
"Macrophage_M1-like","Macrophage_M2-like","HLA-DRA","CD4",0.0835049228302862,0,"HLA-DRA_CD4","HLA-DRA - CD4","MHC-II","Cell-Cell Contact","KEGG: hsa04514"
"Macrophage_M2-like","Macrophage_M2-like","HLA-DRA","CD4",0.0743755266097773,0,"HLA-DRA_CD4","HLA-DRA - CD4","MHC-II","Cell-Cell Contact","KEGG: hsa04514"
"Microglia_M1-like","Macrophage_M2-like","HLA-DRA","CD4",0.059858147295746,0,"HLA-DRA_CD4","HLA-DRA - CD4","MHC-II","Cell-Cell Contact","KEGG: hsa04514"
"Microglia_M2-like","Macrophage_M2-like","HLA-DRA","CD4",0.041506897906983,0,"HLA-DRA_CD4","HLA-DRA - CD4","MHC-II","Cell-Cell Contact","KEGG: hsa04514"
"Macrophage_M1-like","Microglia_M2-like","HLA-DRA","CD4",0.039023893269385,0.04,"HLA-DRA_CD4","HLA-DRA - CD4","MHC-II","Cell-Cell Contact","KEGG: hsa04514"
"Macrophage_M1-like","Macrophage_M1-like","HLA-DRB1","CD4",0.0304805438366379,0,"HLA-DRB1_CD4","HLA-DRB1 - CD4","MHC-II","Cell-Cell Contact","KEGG: hsa04514"
"Macrophage_M2-like","Macrophage_M1-like","HLA-DRB1","CD4",0.0268482735908016,0.01,"HLA-DRB1_CD4","HLA-DRB1 - CD4","MHC-II","Cell-Cell Contact","KEGG: hsa04514"
"Macrophage_M1-like","Macrophage_M2-like","HLA-DRB1","CD4",0.0717883735747109,0,"HLA-DRB1_CD4","HLA-DRB1 - CD4","MHC-II","Cell-Cell Contact","KEGG: hsa04514"
"Macrophage_M2-like","Macrophage_M2-like","HLA-DRB1","CD4",0.0635562727048096,0,"HLA-DRB1_CD4","HLA-DRB1 - CD4","MHC-II","Cell-Cell Contact","KEGG: hsa04514"
"Microglia_M1-like","Macrophage_M2-like","HLA-DRB1","CD4",0.0424368921822993,0,"HLA-DRB1_CD4","HLA-DRB1 - CD4","MHC-II","Cell-Cell Contact","KEGG: hsa04514"
"Microglia_M2-like","Macrophage_M2-like","HLA-DRB1","CD4",0.035226670689472,0,"HLA-DRB1_CD4","HLA-DRB1 - CD4","MHC-II","Cell-Cell Contact","KEGG: hsa04514"
"Macrophage_M1-like","Microglia_M2-like","HLA-DRB1","CD4",0.033321551129421,0.03,"HLA-DRB1_CD4","HLA-DRB1 - CD4","MHC-II","Cell-Cell Contact","KEGG: hsa04514"
"Macrophage_M1-like","Macrophage_M1-like","HLA-DRB5","CD4",0.0076158564768839,0,"HLA-DRB5_CD4","HLA-DRB5 - CD4","MHC-II","Cell-Cell Contact","KEGG: hsa04514"
"Macrophage_M1-like","Macrophage_M2-like","HLA-DRB5","CD4",0.0185292241419243,0,"HLA-DRB5_CD4","HLA-DRB5 - CD4","MHC-II","Cell-Cell Contact","KEGG: hsa04514"
"Macrophage_M2-like","Macrophage_M2-like","HLA-DRB5","CD4",0.00949492751129049,0,"HLA-DRB5_CD4","HLA-DRB5 - CD4","MHC-II","Cell-Cell Contact","KEGG: hsa04514"
"Macrophage_M1-like","Microglia_M2-like","HLA-DRB5","CD4",0.00834405094130715,0.02,"HLA-DRB5_CD4","HLA-DRB5 - CD4","MHC-II","Cell-Cell Contact","KEGG: hsa04514"
"Pericyte_fibroblast","Pericyte_fibroblast","MPZL1","MPZL1",0.00024302657967659,0,"MPZL1_MPZL1","MPZL1 - MPZL1","MPZ","Cell-Cell Contact","KEGG: hsa04514"
"Pericyte_fibroblast","Pericyte_fibroblast","OCLN","OCLN",0.000323430325671447,0,"OCLN_OCLN","OCLN - OCLN","OCLN","Cell-Cell Contact","KEGG: hsa04514"
"Macrophage_M1-like","Macrophage_M1-like","PECAM1","PECAM1",0.000432003889417042,0,"PECAM1_PECAM1","PECAM1 - PECAM1","PECAM1","Cell-Cell Contact","KEGG: hsa04514"
"Macrophage_M2-like","Macrophage_M1-like","PECAM1","PECAM1",0.000766878345340427,0,"PECAM1_PECAM1","PECAM1 - PECAM1","PECAM1","Cell-Cell Contact","KEGG: hsa04514"
"Macrophage_M1-like","Macrophage_M2-like","PECAM1","PECAM1",0.000766878345340427,0,"PECAM1_PECAM1","PECAM1 - PECAM1","PECAM1","Cell-Cell Contact","KEGG: hsa04514"
"Macrophage_M2-like","Macrophage_M2-like","PECAM1","PECAM1",0.00136098244297302,0,"PECAM1_PECAM1","PECAM1 - PECAM1","PECAM1","Cell-Cell Contact","KEGG: hsa04514"
"Macrophage_M1-like","Pericyte_fibroblast","SEMA4A","PLXNB1",0.000153351510798033,0,"SEMA4A_PLXNB1","SEMA4A - PLXNB1","SEMA4","Cell-Cell Contact","PMID: 27533782"
"Macrophage_M2-like","Pericyte_fibroblast","SEMA4A","PLXNB1",0.000253624688950031,0,"SEMA4A_PLXNB1","SEMA4A - PLXNB1","SEMA4","Cell-Cell Contact","PMID: 27533782"
"Microglia_M1-like","Pericyte_fibroblast","SEMA4A","PLXNB1",0.000428400175194073,0,"SEMA4A_PLXNB1","SEMA4A - PLXNB1","SEMA4","Cell-Cell Contact","PMID: 27533782"
"Microglia_M2-like","Pericyte_fibroblast","SEMA4A","PLXNB1",0.000519849260985654,0,"SEMA4A_PLXNB1","SEMA4A - PLXNB1","SEMA4","Cell-Cell Contact","PMID: 27533782"
"Microglia_M1-like","Macrophage_M1-like","SEMA4A","PLXNB2",0.00100268228374727,0,"SEMA4A_PLXNB2","SEMA4A - PLXNB2","SEMA4","Cell-Cell Contact","PMID: 27533782"
"Microglia_M2-like","Macrophage_M1-like","SEMA4A","PLXNB2",0.00121657215749834,0.01,"SEMA4A_PLXNB2","SEMA4A - PLXNB2","SEMA4","Cell-Cell Contact","PMID: 27533782"
"Microglia_M1-like","Macrophage_M2-like","SEMA4A","PLXNB2",0.00116317295589442,0,"SEMA4A_PLXNB2","SEMA4A - PLXNB2","SEMA4","Cell-Cell Contact","PMID: 27533782"
"Microglia_M2-like","Macrophage_M2-like","SEMA4A","PLXNB2",0.00141124996658161,0,"SEMA4A_PLXNB2","SEMA4A - PLXNB2","SEMA4","Cell-Cell Contact","PMID: 27533782"
"Macrophage_M1-like","Pericyte_fibroblast","SEMA4A","PLXNB2",0.000973856373565567,0,"SEMA4A_PLXNB2","SEMA4A - PLXNB2","SEMA4","Cell-Cell Contact","PMID: 27533782"
"Macrophage_M2-like","Pericyte_fibroblast","SEMA4A","PLXNB2",0.00160977583147367,0,"SEMA4A_PLXNB2","SEMA4A - PLXNB2","SEMA4","Cell-Cell Contact","PMID: 27533782"
"Microglia_M1-like","Pericyte_fibroblast","SEMA4A","PLXNB2",0.00271655021297549,0,"SEMA4A_PLXNB2","SEMA4A - PLXNB2","SEMA4","Cell-Cell Contact","PMID: 27533782"
"Microglia_M2-like","Pericyte_fibroblast","SEMA4A","PLXNB2",0.00329483264877559,0,"SEMA4A_PLXNB2","SEMA4A - PLXNB2","SEMA4","Cell-Cell Contact","PMID: 27533782"
"Pericyte_fibroblast","Pericyte_fibroblast","CLDN3","CLDN3",0.0688793458764203,0,"CLDN3_CLDN3","CLDN3 - CLDN3","CLDN","Cell-Cell Contact","PMID: 31942240"
"Macrophage_M1-like","Macrophage_M1-like","ITGAV_ITGB1","ADGRE2",0.000759681240992894,0,"ITGAV_ITGB1_ADGRE2","(ITGAV+ITGB1) - ADGRE2","ADGRE","Cell-Cell Contact","PMID: 31462748"
"Macrophage_M2-like","Macrophage_M1-like","ITGAV_ITGB1","ADGRE2",0.000626616907753661,0,"ITGAV_ITGB1_ADGRE2","(ITGAV+ITGB1) - ADGRE2","ADGRE","Cell-Cell Contact","PMID: 31462748"
"Macrophage_M1-like","Macrophage_M2-like","ITGAV_ITGB1","ADGRE2",0.000660368355520279,0.03,"ITGAV_ITGB1_ADGRE2","(ITGAV+ITGB1) - ADGRE2","ADGRE","Cell-Cell Contact","PMID: 31462748"
"Macrophage_M1-like","Macrophage_M1-like","CD55","ADGRE5",0.00132013965216491,0,"CD55_ADGRE5","CD55 - ADGRE5","ADGRE","Cell-Cell Contact","PMID: 31462748"
"Pericyte_fibroblast","Macrophage_M1-like","CD55","ADGRE5",0.00305784769854677,0,"CD55_ADGRE5","CD55 - ADGRE5","ADGRE","Cell-Cell Contact","PMID: 31462748"
"Pericyte_fibroblast","Macrophage_M2-like","CD55","ADGRE5",0.00238673780519724,0,"CD55_ADGRE5","CD55 - ADGRE5","ADGRE","Cell-Cell Contact","PMID: 31462748"
"Macrophage_M1-like","Macrophage_M1-like","ITGAV_ITGB1","ADGRE5",0.00135065338780851,0,"ITGAV_ITGB1_ADGRE5","(ITGAV+ITGB1) - ADGRE5","ADGRE","Cell-Cell Contact","PMID: 31462748"
"Macrophage_M2-like","Macrophage_M1-like","ITGAV_ITGB1","ADGRE5",0.00111419090960052,0.03,"ITGAV_ITGB1_ADGRE5","(ITGAV+ITGB1) - ADGRE5","ADGRE","Cell-Cell Contact","PMID: 31462748"
"Pericyte_fibroblast","Macrophage_M1-like","APP","SORL1",0.00392140332621546,0,"APP_SORL1","APP - SORL1","APP","Cell-Cell Contact","PMID: 24523320"
"Pericyte_fibroblast","Macrophage_M2-like","APP","SORL1",0.00380493036308438,0,"APP_SORL1","APP - SORL1","APP","Cell-Cell Contact","PMID: 24523320"
"Macrophage_M1-like","Pericyte_fibroblast","APP","TNFRSF21",0.00031002150003671,0,"APP_TNFRSF21","APP - TNFRSF21","APP","Cell-Cell Contact","PMID: 33075465"
"Macrophage_M2-like","Pericyte_fibroblast","APP","TNFRSF21",0.000416270036476094,0,"APP_TNFRSF21","APP - TNFRSF21","APP","Cell-Cell Contact","PMID: 33075465"
"Pericyte_fibroblast","Pericyte_fibroblast","APP","TNFRSF21",0.0022983314424163,0,"APP_TNFRSF21","APP - TNFRSF21","APP","Cell-Cell Contact","PMID: 33075465"
"Macrophage_M2-like","Macrophage_M1-like","APP","TREM2_TYROBP",0.0101834737842216,0.02,"APP_TREM2_TYROBP","APP - (TREM2+TYROBP)","APP","Cell-Cell Contact","PMID:27477013"
"Pericyte_fibroblast","Macrophage_M1-like","APP","TREM2_TYROBP",0.0538466592132867,0,"APP_TREM2_TYROBP","APP - (TREM2+TYROBP)","APP","Cell-Cell Contact","PMID:27477013"
"Macrophage_M2-like","Macrophage_M2-like","APP","TREM2_TYROBP",0.0095861295496737,0.02,"APP_TREM2_TYROBP","APP - (TREM2+TYROBP)","APP","Cell-Cell Contact","PMID:27477013"
"Pericyte_fibroblast","Macrophage_M2-like","APP","TREM2_TYROBP",0.0508196096372209,0,"APP_TREM2_TYROBP","APP - (TREM2+TYROBP)","APP","Cell-Cell Contact","PMID:27477013"
"Pericyte_fibroblast","Microglia_M1-like","APP","TREM2_TYROBP",0.020198673628986,0,"APP_TREM2_TYROBP","APP - (TREM2+TYROBP)","APP","Cell-Cell Contact","PMID:27477013"
"Macrophage_M1-like","Macrophage_M1-like","APOE","TREM2_TYROBP",0.236388165631297,0,"APOE_TREM2_TYROBP","APOE - TREM2","ApoE","Cell-Cell Contact","uniprot;PMID:27477015"
"Macrophage_M2-like","Macrophage_M1-like","APOE","TREM2_TYROBP",0.23019931358925,0,"APOE_TREM2_TYROBP","APOE - TREM2","ApoE","Cell-Cell Contact","uniprot;PMID:27477015"
"Microglia_M1-like","Macrophage_M1-like","APOE","TREM2_TYROBP",0.175306869365493,0,"APOE_TREM2_TYROBP","APOE - TREM2","ApoE","Cell-Cell Contact","uniprot;PMID:27477015"
"Macrophage_M1-like","Macrophage_M2-like","APOE","TREM2_TYROBP",0.225545561129763,0,"APOE_TREM2_TYROBP","APOE - TREM2","ApoE","Cell-Cell Contact","uniprot;PMID:27477015"
"Macrophage_M2-like","Macrophage_M2-like","APOE","TREM2_TYROBP",0.219558958117223,0,"APOE_TREM2_TYROBP","APOE - TREM2","ApoE","Cell-Cell Contact","uniprot;PMID:27477015"
"Macrophage_M1-like","Pericyte_fibroblast","CD99","PILRB",0.00327763020359864,0,"CD99_PILRB","Cd99 - Pilrb","CD99","Cell-Cell Contact","uniprot;PMID:18234675"
"Macrophage_M2-like","Pericyte_fibroblast","CD99","PILRB",0.00405821077543516,0,"CD99_PILRB","Cd99 - Pilrb","CD99","Cell-Cell Contact","uniprot;PMID:18234675"
"Microglia_M1-like","Pericyte_fibroblast","CD99","PILRB",0.00115057678586589,0,"CD99_PILRB","Cd99 - Pilrb","CD99","Cell-Cell Contact","uniprot;PMID:18234675"
"Pericyte_fibroblast","Pericyte_fibroblast","CD99","PILRB",0.000744342478592374,0,"CD99_PILRB","Cd99 - Pilrb","CD99","Cell-Cell Contact","uniprot;PMID:18234675"
"Macrophage_M1-like","Macrophage_M1-like","LAIR1","LILRB4",0.0146450307777683,0,"LAIR1_LILRB4","LAIR1 - LILRB4","LAIR1","Cell-Cell Contact","PMID:19283782"
"Macrophage_M2-like","Macrophage_M1-like","LAIR1","LILRB4",0.0189453576846858,0,"LAIR1_LILRB4","LAIR1 - LILRB4","LAIR1","Cell-Cell Contact","PMID:19283782"
"Microglia_M1-like","Macrophage_M1-like","LAIR1","LILRB4",0.00626097479955577,0.01,"LAIR1_LILRB4","LAIR1 - LILRB4","LAIR1","Cell-Cell Contact","PMID:19283782"
"Microglia_M2-like","Macrophage_M1-like","LAIR1","LILRB4",0.00723490972260496,0,"LAIR1_LILRB4","LAIR1 - LILRB4","LAIR1","Cell-Cell Contact","PMID:19283782"
"Macrophage_M1-like","Macrophage_M2-like","LAIR1","LILRB4",0.00571035175979487,0,"LAIR1_LILRB4","LAIR1 - LILRB4","LAIR1","Cell-Cell Contact","PMID:19283782"
"Macrophage_M2-like","Macrophage_M2-like","LAIR1","LILRB4",0.00740684496023849,0,"LAIR1_LILRB4","LAIR1 - LILRB4","LAIR1","Cell-Cell Contact","PMID:19283782"
"Macrophage_M1-like","Microglia_M1-like","LAIR1","LILRB4",0.00472988288649092,0.03,"LAIR1_LILRB4","LAIR1 - LILRB4","LAIR1","Cell-Cell Contact","PMID:19283782"
"Macrophage_M2-like","Microglia_M1-like","LAIR1","LILRB4",0.00613688563544962,0,"LAIR1_LILRB4","LAIR1 - LILRB4","LAIR1","Cell-Cell Contact","PMID:19283782"
