"p_val","avg_log2FC","pct.1","pct.2","p_val_adj","TF"
3.02366758094338e-15,4.3791693767663,1,1,8.19413914435655e-13,"CEBPD"
2.45521731042512e-12,3.98779572913189,1,1,6.65363891125208e-10,"REL"
2.14903836019401e-11,6.2857672045671,1,1,5.82389395612576e-09,"NFKB1"
1.15930453462319e-09,5.28411153355238,1,1,3.14171528882883e-07,"RELA"
6.77645492062818e-09,1.92169100307752,0.8,0.593,1.83641928349024e-06,"PPARA"
2.70290416139191e-08,2.75017135936066,1,1,7.32487027737207e-06,"JUN"
5.68045058939917e-07,3.85097869674617,1,1,0.000153940210972718,"CEBPB"
8.15934016683895e-07,1.36965550525886,1,1,0.000221118118521336,"TP53"
2.25512700630828e-06,-1.03900381164111,0.86,0.963,0.000611139418709543,"PBX3"
5.60118830993556e-06,2.5645994522883,1,0.988,0.00151792203199254,"ETV4"
1.21265826452457e-05,6.87950783072201,1,1,0.00328630389686159,"FOXL2"
2.96377269445193e-05,-1.46017254266644,0.986,1,0.00803182400196474,"HNF4G"
5.82420902380221e-05,1.98393212829706,0.99,1,0.015783606454504,"RELB"
5.94953028221932e-05,-1.19897192860193,1,1,0.0161232270648144,"MAF"
6.54574960490942e-05,1.75837027519505,1,1,0.0177389814293045,"FOS"
0.000257876815010739,-0.3891726776657,0.964,1,0.0698846168679104,"KLF4"
0.000374709956435313,-0.229255320915049,1,1,0.10154639819397,"LYL1"
0.00039300492564956,-0.838439964363994,1,1,0.106504334851031,"USF2"
0.000479341505004509,-2.26520511335118,0.969,0.975,0.129901547856222,"ERG"
0.000496120765417259,0.364468726327713,0.998,1,0.134448727428077,"NR2C2"
0.000503927355572684,-1.23889565836001,0.979,0.975,0.136564313360197,"GFI1B"
0.000510254922747348,-0.557926960859879,0.945,0.951,0.138279084064531,"RUNX2"
0.000567108350322064,2.01825495395047,0.998,1,0.153686362937279,"RFX5"
0.000590364888198973,0.77849751272919,1,1,0.159988884701922,"E2F4"
0.000594020636771792,0.866749827138708,1,1,0.160979592565156,"E2F1"
0.000679977307893493,-1.33572259276219,0.96,1,0.184273850439137,"MITF"
0.000709664984911314,-1.26733200812301,1,1,0.192319210910966,"BACH2"
0.000806110077372447,1.33083027580995,0.884,0.765,0.218455830967933,"STAT5B"
0.000845948968733965,-0.620645662542905,0.995,1,0.229252170526905,"ARNT"
0.00113927026300177,-0.758511506955711,0.646,0.741,0.30874224127348,"KLF3"
0.00115955975343687,-0.479960791890198,0.95,0.988,0.314240693181391,"FOXJ2"
0.00125139870632178,-1.30892624863738,0.995,1,0.339129049413203,"ARID3A"
0.00184580698483961,-0.81535867041281,0.998,1,0.500213692891534,"ETS2"
0.00312605440902973,-0.647067161867955,1,1,0.847160744847056,"GABPA"
0.00359618395237162,0.000545941117054305,0.995,1,0.974565851092708,"MAFB"
0.00451648729820165,0.304045231676286,1,1,1,"ESR1"
0.00558756851849092,-0.25683340505531,0.653,0.84,1,"TFAP4"
0.00574748163002115,0.918982314097217,0.998,1,1,"IRF2"
0.00586636183433847,-0.187476584834434,0.995,1,1,"TCF12"
0.0061419840992935,-0.672058125179384,0.701,0.802,1,"MYOD1"
0.00620479524958272,0.780111468563549,0.995,0.988,1,"E2F5"
0.00686545180765167,-2.13635022513906,0.957,0.963,1,"ZNF217"
0.00899796035547865,0.0261332676995956,1,1,1,"ESR2"
0.0101852935445395,0.118667184836623,1,1,1,"CREB3"
0.0109209462036399,-0.996322595805164,1,1,1,"KLF1"
0.0109471350348931,4.05531782654031,0.981,1,1,"IRF1"
0.0117034448024405,-0.917728183826639,0.836,0.852,1,"NR2F1"
0.0129248749388255,-1.32714310758811,0.988,1,1,"CLOCK"
0.0131699138351322,1.43550298108253,0.979,0.963,1,"JUND"
0.0154596439829919,-1.04763862767945,0.715,0.79,1,"HOXB13"
0.0159282683829928,-0.228390005333683,0.843,0.901,1,"MAFK"
0.0174494359044197,0.073264853903229,0.96,0.951,1,"FOXO1"
0.0184220407867984,-0.606525168953102,1,1,1,"TEAD4"
0.0222584225474347,0.951908027899526,1,1,1,"SMAD4"
0.0227026925684743,-0.306837181411041,0.884,0.938,1,"ELF3"
0.0242397010646342,1.32253375177362,1,1,1,"POU2F1"
0.0260899425086591,-0.345268019089688,0.995,1,1,"CTCFL"
0.0279416243436274,-0.857958432604617,0.945,0.938,1,"MAZ"
0.0285430384866386,0.364254613231179,1,1,1,"ZNF384"
0.0297164851856906,1.09504018640327,1,1,1,"MYC"
0.0297793782622871,-0.943526484050077,1,1,1,"USF1"
0.0305430665466158,0.482187610487051,0.998,0.988,1,"ZBTB11"
0.0306074598478435,2.19769608273401,0.779,0.877,1,"SREBF1"
0.0315212802094049,3.6205537489432,1,1,1,"STAT1"
0.0318532681244937,-0.0659617703286001,0.323,0.432,1,"NFKB2"
0.0345471516415539,-1.05591451568119,1,1,1,"NFYB"
0.0376635786546835,0.0222374330626938,1,1,1,"PPARG"
0.0383616417061394,-1.2389810393548,0.841,0.914,1,"MAFG"
0.0392297377071899,-0.891934031871751,0.993,1,1,"ATF1"
0.041348124058764,-0.223555752339873,0.979,0.975,1,"PRDM14"
0.0423580542179039,-0.82166924192999,0.527,0.593,1,"SIX5"
0.0432155289188335,0.736621182498502,0.993,0.988,1,"SPIB"
0.0462414415287271,-0.141492602501065,0.99,1,1,"KLF5"
0.0473511548615376,0.196650430071354,0.772,0.691,1,"MYB"
0.0477260006754524,0.00526686763627193,0.967,0.975,1,"KDM5B"
0.04915395961086,0.695162662798202,0.969,0.963,1,"ZBTB33"
0.0499300863039601,0.240600802735872,0.998,0.951,1,"SOX13"
0.0526257627523212,0.438666099905282,0.964,0.975,1,"NFIC"
0.0566248695732385,0.744108754451258,0.917,0.951,1,"ATF7"
0.0629767024913847,2.10176871640472,1,1,1,"SPI1"
0.0636908993779174,8.78762822172208,0.981,0.988,1,"STAT2"
0.0661200286640737,0.758401063596477,1,1,1,"MEF2C"
0.0674882671723007,0.419801215586833,0.998,1,1,"CREB1"
0.0726613798756576,-0.470866598493986,0.798,0.827,1,"PDX1"
0.0871783239723374,-0.661683417237844,1,1,1,"ZKSCAN1"
0.0923998993579425,0.373580904817127,0.964,0.889,1,"PRDM1"
0.107740879608485,8.09175839059651,0.86,0.864,1,"IRF9"
0.116230987463424,0.609662508125052,0.998,1,1,"ZFX"
0.117401669944721,-0.00995720021721258,0.998,0.988,1,"BACH1"
0.118976953290633,-0.423615229602518,0.976,1,1,"CREM"
0.122177180794304,0.307900326694028,0.85,0.753,1,"GATA2"
0.122784645614325,0.149879097530237,0.981,0.975,1,"TWIST1"
0.127939007818835,-0.301038227037177,0.96,1,1,"TEAD1"
0.131967654073187,0.618917139556449,0.919,0.926,1,"STAT5A"
0.133260074346977,-0.880925863571989,0.544,0.605,1,"ASCL1"
0.137860788614225,-0.148904439512944,0.748,0.728,1,"TCF3"
0.138305260400579,-1.08136200129312,0.53,0.617,1,"POU5F1"
0.139869610483133,0.447566704192663,0.981,0.951,1,"FOXA1"
0.141674071421178,1.26256248274864,0.995,1,1,"FOXO4"
0.144644393663354,-0.0687173430754715,0.971,0.963,1,"ETV1"
0.1469615504076,0.392707776671962,1,1,1,"HSF1"
0.148130722681283,0.552407912531464,1,1,1,"BATF"
0.150490367235286,-0.298957456371055,0.862,0.889,1,"NCOA1"
0.155295477515019,-1.5670233325699,0.993,1,1,"KLF9"
0.156026180162245,-0.639314296970374,1,1,1,"GATA6"
0.159222727074096,-1.20131299476632,0.933,0.926,1,"NCOA3"
0.159222727074096,-0.18348705353001,1,1,1,"THAP1"
0.165508828577672,-0.608183352717242,0.941,0.975,1,"TEAD2"
0.175685396366836,0.408433089919489,0.986,0.951,1,"SP2"
0.17782939975724,1.84956267552616,0.998,1,1,"STAT6"
0.180264618606524,0.595856688323572,1,1,1,"POU2F2"
0.18354999900968,0.770686020731478,1,1,1,"E2F7"
0.184101847639446,0.566619388528639,0.941,0.938,1,"EPAS1"
0.186042992303575,0.282918987748809,0.998,1,1,"AHR"
0.191388009240291,0.546576204799342,0.99,1,1,"CEBPG"
0.192813190598992,0.0971711084405206,0.762,0.84,1,"SOX9"
0.200644098137015,-0.282907206843107,0.824,0.877,1,"DUX4"
0.210832167704542,-0.939954096806556,0.924,0.938,1,"GATA3"
0.210832167704542,-0.344825340312953,1,1,1,"NFATC1"
0.212361425290109,-0.527956528581528,1,1,1,"CREB3L1"
0.216064297850645,-0.380494790215012,0.634,0.654,1,"PAX6"
0.21981343296881,0.345108466449172,0.867,0.827,1,"E2F3"
0.221389273226261,0.175991720188984,1,1,1,"ETS1"
0.223927428717152,-0.202997700124331,0.62,0.716,1,"OTX2"
0.225844652254138,0.4704284666231,0.924,0.901,1,"ELF5"
0.231014452656845,-0.00545690742990956,0.995,1,1,"TFAP2A"
0.231340334557039,-0.556678865966752,0.682,0.728,1,"ZNF592"
0.238259404210184,-0.601905753388826,0.373,0.383,1,"NR5A2"
0.238592489326122,3.18644530940824,1,1,1,"ATF2"
0.242615158799883,0.871184874935659,1,1,1,"ELK4"
0.243628235243015,0.0243223613232058,1,1,1,"AR"
0.24430526845193,-0.373646560955426,0.798,0.765,1,"ONECUT1"
0.247368261562795,0.518720228043128,0.974,1,1,"MYCN"
0.249769106931826,1.19120853908689,1,1,1,"STAT3"
0.250803008285237,0.532183996037321,0.337,0.272,1,"SOX2"
0.258476247857697,0.653651952156605,0.91,0.877,1,"TCF7L2"
0.259535073633778,0.275479669968643,1,1,1,"SP3"
0.260242623943034,0.499630270719547,0.96,0.975,1,"FOSL1"
0.26380039277824,0.0202018296166312,0.988,0.988,1,"REST"
0.266310705453166,3.36850417700057,1,1,1,"ELK1"
0.277995448101783,1.76694029967371,0.461,0.42,1,"GATA1"
0.290787693069256,-0.315405379766605,0.812,0.864,1,"POU4F2"
0.294624307612711,-0.279061514435442,1,1,1,"EGR1"
0.305941593681297,-1.54098122454419,0.888,0.84,1,"XBP1"
0.311107209624353,-0.129126051824448,0.993,0.975,1,"TBX21"
0.311906996881683,-0.619990229259441,0.988,0.951,1,"BCL11A"
0.315926245186819,0.158027211118564,0.9,0.938,1,"PKNOX1"
0.320794032546204,-0.76974863656711,0.344,0.42,1,"NFATC2"
0.32942995747607,-0.183825928004723,0.675,0.741,1,"STAT4"
0.338215088543232,-0.576629599478429,0.416,0.494,1,"MBD2"
0.348437705936339,-0.680841902429826,0.658,0.667,1,"MEIS1"
0.348437705936339,0.523954580287647,1,1,1,"JUNB"
0.370357952729371,0.249548340723306,1,1,1,"SRF"
0.375743604773701,4.06491603935494,1,1,1,"ATF6"
0.378907452791197,0.371535688104142,0.917,0.877,1,"VDR"
0.388036977099113,0.187588811612987,0.931,0.938,1,"PROX1"
0.40527611964268,0.0830770046472207,1,1,1,"CEBPA"
0.408114170854712,-2.50147868322871,0.309,0.333,1,"TP63"
0.43124159280858,0.375470390818794,0.957,0.914,1,"SOX6"
0.437140014821807,0.606140760355184,0.995,0.988,1,"ZNF740"
0.438127581440925,-0.873178030658452,0.506,0.543,1,"NANOG"
0.440602103227504,-0.0793003159100338,0.789,0.741,1,"SNAPC4"
0.442587476839945,-0.260485099679597,0.998,1,1,"CUX1"
0.479707726161374,0.172267374771621,0.993,1,1,"NR1H3"
0.479707726161374,-1.72648682081929,1,1,1,"HIF1A"
0.493855539707894,0.427226312570405,1,1,1,"SP4"
0.521720376331861,0.456841449120932,0.974,0.988,1,"PAX5"
0.535950025283532,1.67511569517807,1,1,1,"FOXO3"
0.537052653659364,-0.46823184333148,0.998,1,1,"TBP"
0.554287862963427,0.642759154303396,0.639,0.679,1,"TAL1"
0.554848311791935,-0.041723031443178,0.898,0.901,1,"ARNTL"
0.557092873362222,0.253202124368736,0.957,0.975,1,"HOXA9"
0.563852973855698,0.0774227298959964,1,1,1,"KLF6"
0.564418094549372,0.747164844948832,0.998,1,1,"FLI1"
0.568381553593636,0.462052588134317,0.988,0.988,1,"IRF3"
0.568381553593636,0.265149507042048,1,1,1,"MEF2B"
0.568948846579023,-0.255835791203267,0.729,0.728,1,"NCOA2"
0.574636600463143,0.946507352306627,1,1,1,"ATF4"
0.576348157764304,1.51698025285179,1,1,1,"MEF2A"
0.611073435501958,-0.478093764539508,1,1,1,"NEUROD1"
0.611659975955044,0.100511688543227,0.976,0.975,1,"TP73"
0.615772717643831,-1.09001836892904,0.99,0.988,1,"ARID2"
0.618128296172003,0.209533333398822,0.732,0.728,1,"CTCF"
0.620487806684649,0.172050797273826,0.596,0.679,1,"LEF1"
0.627589730609231,-0.0990225639606566,1,1,1,"ZNF143"
0.630559127963344,-0.519285290312264,0.392,0.407,1,"SIX2"
0.635919081949684,-0.219830216432703,0.979,0.988,1,"SMAD5"
0.661181342013521,-0.0773267741539065,1,1,1,"ELF1"
0.674571987603836,-0.180529139274177,0.912,0.877,1,"ESRRA"
0.682533700690301,0.35250458070189,1,1,1,"NR1H2"
0.685605390147385,0.722073780097498,0.995,1,1,"RARA"
0.689298283897747,-2.37105900876462,0.349,0.346,1,"EOMES"
0.706628583021138,-0.482262789917407,1,1,1,"MAX"
0.708494645846425,-0.509398139482159,0.42,0.42,1,"EHF"
0.720979334045616,0.354596487409073,0.349,0.407,1,"HNF1B"
0.727249924077484,0.169308028219987,0.988,0.975,1,"TFDP1"
0.728506252818998,-0.485459399036946,1,1,1,"RUNX1"
0.731650260403855,-0.834724448051012,0.397,0.383,1,"RFX2"
0.734798780251889,-0.339382609231585,0.437,0.481,1,"YY1"
0.734798780251889,0.42826667781753,0.931,0.963,1,"PBX2"
0.741109161833678,0.318858577148106,1,1,1,"FOXK2"
0.769716230311703,0.366588539410073,0.713,0.778,1,"RFX1"
0.7780411440003,-0.238491955754869,0.988,1,1,"NRF1"
0.781892085690722,0.2154298473026,0.993,1,1,"FOXM1"
0.789609941806959,-0.619912724471488,0.998,1,1,"NFE2L2"
0.794121628646856,-0.0550939677698823,0.995,1,1,"IRF4"
0.801225304862964,0.187640213145039,0.969,0.951,1,"MYBL2"
0.801871918956887,-0.0860802035893209,0.796,0.827,1,"PGR"
0.814832137313334,0.19811422573977,0.924,0.963,1,"FOSL2"
0.820681038601114,0.34184195596236,1,1,1,"RBPJ"
0.820681038601114,-0.236622173038272,1,1,1,"SMAD1"
0.823283775189596,-0.260104778353228,0.411,0.37,1,"PAX8"
0.835672866906653,-0.833531180140541,0.99,1,1,"MAFF"
0.836326083763381,-0.121293095896029,1,1,1,"SP1"
0.839593852572611,-0.0795378473458567,0.58,0.531,1,"SOX11"
0.848758152258449,0.149551142606187,0.888,0.901,1,"WT1"
0.855973106855263,-0.555157250626067,0.967,0.988,1,"HINFP"
0.860570757305836,-0.403679442545103,0.62,0.642,1,"SOX10"
0.869780097118247,0.240502941952416,1,1,1,"NFYA"
0.873732445892676,0.463807391635752,0.998,1,1,"IKZF1"
0.876369102956578,-0.301656601603099,0.998,1,1,"TCF7"
0.896185791533236,-1.13181648231441,0.969,0.988,1,"EBF1"
0.914740245077963,0.302505317710954,1,1,1,"ZBED1"
0.923371257931333,0.278286074421486,0.998,1,1,"SMAD3"
0.928687204100714,-0.474837260409015,0.998,1,1,"TCF4"
0.93334127728557,-0.682470644774991,1,1,1,"NFE2"
0.937997630195618,-0.38456741524777,0.967,0.951,1,"NFE2L1"
0.941324904476459,-0.231549978823231,0.67,0.654,1,"HNF4A"
0.947316540659181,0.197263801553003,0.81,0.765,1,"MEIS2"
0.959308417758767,0.28043782995789,0.993,0.988,1,"NR4A1"
0.983984326393968,-0.282540800801543,0.99,0.988,1,"GRHL2"
0.985986065015427,0.000167880488861627,0.85,0.914,1,"CDX2"
0.98798789186427,-0.904924347089079,0.473,0.494,1,"LHX2"
