"p_val","avg_log2FC","pct.1","pct.2","p_val_adj","cluster","gene"
2.21322228983392e-18,2.19975749190734,0.296,0.092,7.42270491564502e-14,"Microglia","SEMA6B"
4.68836100265966e-25,1.8274963031392,0.533,0.215,1.572382513072e-20,"Microglia","EMP1"
8.4519363736867e-31,1.82222485645345,0.537,0.185,2.83461042100705e-26,"Microglia","EREG"
3.01803122808199e-11,1.73774701390241,0.304,0.138,1.01218731327414e-06,"Microglia","SPRY2"
2.43815391515418e-15,1.70192784619767,0.338,0.132,8.17708060064408e-11,"Microglia","LINC01588"
8.47404538106455e-24,1.6693845138283,0.462,0.176,2.84202533990143e-19,"Microglia","B3GNT2"
4.01307824582414e-30,1.64095545280354,0.575,0.226,1.3459061820845e-25,"Microglia","EHD1"
7.85268460286239e-30,1.61144801367208,0.65,0.29,2.63363336210799e-25,"Microglia","TNFAIP8"
3.03530164774696e-12,1.60753357421006,0.338,0.148,1.01797946662137e-07,"Microglia","ARC"
1.18533265341838e-21,1.54805861101733,0.467,0.186,3.97536865303455e-17,"Microglia","RNF19B"
2.65062200677145e-53,1.53730624531139,0.954,0.577,8.88965608631011e-49,"Microglia","CD44"
4.53480371726897e-16,1.51996163894282,0.292,0.097,1.52088247069767e-11,"Microglia","SLCO3A1"
4.47073294955038e-35,1.46314116922621,0.871,0.507,1.49939441662021e-30,"Microglia","PHLDA1"
1.73846064060911e-38,1.44542873671036,0.95,0.651,5.83044929647482e-34,"Microglia","ANXA1"
1.57951219691364e-28,1.43190264617727,0.733,0.368,5.29736800600896e-24,"Microglia","DUSP6"
1.98274716997156e-16,1.40781582237384,0.358,0.138,6.64973745865063e-12,"Microglia","SESTD1"
6.83018230049664e-32,1.40310324388759,0.679,0.291,2.29070653994056e-27,"Microglia","CYTOR"
2.18931763625292e-13,1.3806744433047,0.417,0.202,7.34253348846503e-09,"Microglia","OTUD4"
6.80880372731689e-21,1.37089840948819,0.454,0.18,2.28353659406754e-16,"Microglia","DOT1L"
3.81389000403337e-29,1.34918072590058,0.825,0.482,1.27910242955271e-24,"Microglia","PMAIP1"
2.10593038374571e-24,1.32751712612777,0.462,0.167,7.06286932100638e-20,"Microglia","CDC42EP3"
8.05135494079742e-36,1.32423201866042,0.938,0.598,2.70026342004464e-31,"Microglia","GPR183"
9.13239160457398e-27,1.31968128977501,0.596,0.254,3.06282149634202e-22,"Microglia","THBD"
3.26375798033322e-10,1.31394662485068,0.283,0.125,1.09459915144416e-05,"Microglia","SMOX"
1.43968125911207e-28,1.30505357970677,0.75,0.375,4.82840300681005e-24,"Microglia","PNP"
1.68448841617716e-73,2.02385604462995,0.793,0.23,5.64943725017496e-69,"Macrophage_MMP9_high_mito","ACP5"
1.59730425904662e-31,1.98463668489057,0.421,0.117,5.35703902399056e-27,"Macrophage_MMP9_high_mito","ADAM8"
1.00445488269623e-30,1.82923487882826,0.537,0.192,3.36874078558663e-26,"Macrophage_MMP9_high_mito","IL4I1"
1.09096558203843e-52,1.81414628599879,0.537,0.117,3.6588803690405e-48,"Macrophage_MMP9_high_mito","GCHFR"
4.76787160272918e-37,1.68398432526208,0.372,0.072,1.59904877812331e-32,"Macrophage_MMP9_high_mito","HSD3B7"
1.650210597669e-21,1.68282206068767,0.267,0.065,5.5344763024623e-17,"Macrophage_MMP9_high_mito","KLHDC8B"
3.37534912808044e-52,1.6238318455663,0.975,0.704,1.13202459057562e-47,"Macrophage_MMP9_high_mito","APOC1"
1.08383322537252e-49,1.6179539564065,0.47,0.088,3.63495987125436e-45,"Macrophage_MMP9_high_mito","SMIM25"
1.76883937127571e-28,1.58270411228316,0.365,0.091,5.93233348338447e-24,"Macrophage_MMP9_high_mito","ANPEP"
1.17590070080188e-42,1.57164115476588,0.579,0.167,3.94373577034935e-38,"Macrophage_MMP9_high_mito","ST14"
5.08498155508366e-49,1.56627678988604,0.814,0.365,1.70540111394396e-44,"Macrophage_MMP9_high_mito","LIPA"
2.51487686764433e-42,1.56180760579453,0.568,0.168,8.43439403870555e-38,"Macrophage_MMP9_high_mito","PLA2G7"
3.4660025137387e-20,1.54071969741119,0.288,0.078,1.16242792305768e-15,"Macrophage_MMP9_high_mito","C14orf119"
9.71066946338895e-22,1.50459073077128,0.379,0.125,3.25676432463139e-17,"Macrophage_MMP9_high_mito","GCLC"
2.82892964003323e-47,1.49134996412762,0.512,0.117,9.48766422674346e-43,"Macrophage_MMP9_high_mito","CYP27A1"
1.93452471982247e-51,1.48790283766044,0.849,0.385,6.48800900534061e-47,"Macrophage_MMP9_high_mito","CD9"
2.61089943737362e-21,1.48740770239132,0.267,0.064,8.75643453306364e-17,"Macrophage_MMP9_high_mito","MATK"
5.04695019366081e-34,1.479149820087,0.407,0.097,1.69264615594996e-29,"Macrophage_MMP9_high_mito","CD52"
6.01277337462141e-40,1.4504337542589,0.582,0.189,2.01656393438053e-35,"Macrophage_MMP9_high_mito","FBP1"
1.44901503973991e-34,1.44883895724325,0.389,0.086,4.85970664027972e-30,"Macrophage_MMP9_high_mito","RMDN3"
1.23038479424816e-32,1.44729181132656,0.435,0.117,4.12646452294947e-28,"Macrophage_MMP9_high_mito","ADAMDEC1"
1.39836377299755e-21,1.44420742194647,0.256,0.057,4.68983242187919e-17,"Macrophage_MMP9_high_mito","TMEM140"
1.56806274122608e-31,1.44296768658357,0.442,0.123,5.25896882152402e-27,"Macrophage_MMP9_high_mito","SDC2"
8.19393730095579e-68,1.43841978504493,0.986,0.83,2.74808269199455e-63,"Macrophage_MMP9_high_mito","CTSD"
1.58731832369697e-27,1.4348425151085,0.372,0.098,5.3235481940149e-23,"Macrophage_MMP9_high_mito","ATP6V1A"
3.14219897208439e-08,1.2824594970098,0.095,0.32,0.00105383069125766,"cDC2","ILK"
4.25072434809334e-10,1.25611672564102,0.692,0.797,1.42560793186355e-05,"cDC2","AIF1"
2.84062186253519e-33,1.17668088619127,0.985,0.978,9.52687760257053e-29,"cDC2","TMSB4X"
1.38974842106779e-07,1.16122771989848,0.129,0.363,0.00466093825457714,"cDC2","PHB"
1.18955247898994e-06,1.15812555650183,0.114,0.322,0.0398952110403645,"cDC2","COX7A2L"
9.56164971816852e-07,1.13266752716934,0.159,0.402,0.0320678608247936,"cDC2","IFITM2"
4.91925038324455e-07,1.10378156837476,0.1,0.3,0.0164981819353256,"cDC2","TMEM14B"
2.21318790510908e-08,1.06623033141029,0.667,0.825,0.000742258959615484,"cDC2","PFDN5"
5.58353710178219e-07,1.05797899101503,0.139,0.368,0.0187260667319571,"cDC2","DRAM2"
1.19192533418436e-06,1.05158806767831,0.169,0.418,0.0399747918578752,"cDC2","PSMA1"
2.0057921969177e-08,1.04598031860833,0.134,0.396,0.000672702587002259,"cDC2","WBP2"
3.51486270199816e-09,1.02912912115161,0.164,0.467,0.000117881465299614,"cDC2","TCIRG1"
8.46594040586419e-08,1.02193248545609,0.109,0.335,0.00283930709331873,"cDC2","FBXW5"
3.50899490691971e-08,0.997636597168048,0.169,0.445,0.00117684671188273,"cDC2","RAP1A"
3.7666541440531e-15,0.985790054496014,0.846,0.887,1.26326046683253e-10,"cDC2","RPS4X"
5.91167161544431e-07,0.973462867141985,0.124,0.344,0.0198265642638771,"cDC2","EIF4G1"
5.94551259537457e-22,0.973270836643657,0.995,0.997,1.99400601423672e-17,"cDC2","FTL"
3.52735617120387e-08,0.969141805186466,0.706,0.823,0.00118300471269835,"cDC2","RPL23A"
1.08238115927412e-06,0.967505065718095,0.159,0.402,0.0363008993197353,"cDC2","RAB13"
1.48640016015841e-06,0.957615374664193,0.085,0.263,0.0498508885713928,"cDC2","AP3S1"
2.94388516553875e-07,0.95447238650497,0.144,0.391,0.00987320206818386,"cDC2","PSMB7"
2.7593130269226e-18,0.951722227883908,0.866,0.907,9.25418402969302e-14,"cDC2","RPL19"
9.69186567777758e-07,0.948634050656879,0.139,0.365,0.0325045791101304,"cDC2","SFT2D1"
5.72269279103739e-13,0.94623267505241,0.826,0.91,1.91927670825812e-08,"cDC2","RPS23"
9.22736914519582e-07,0.946204957733437,0.164,0.406,0.0309467506391578,"cDC2","SCP2"
5.79587990002786e-08,2.26661304705192,0.271,0.161,0.00194382220087134,"Macrophage","AL450998.2"
4.51974830701503e-07,2.0742040785742,0.438,0.384,0.015158331872067,"Macrophage","IFI30"
9.48320811917421e-08,1.70960836667347,0.462,0.399,0.00318047833900865,"Macrophage","INTS6"
2.37210504712906e-09,1.52590871379514,0.495,0.407,7.95556590706145e-05,"Macrophage","PCF11"
4.18630126450578e-10,1.47072961306108,0.559,0.476,1.40400171808995e-05,"Macrophage","AC007952.4"
1.17412089013857e-06,1.42227557491639,0.472,0.448,0.0393776664134673,"Macrophage","PPP1R10"
1.57914660890889e-18,1.3481496210374,0.769,0.731,5.29614189695862e-14,"Macrophage","IER5"
6.30801055859441e-33,1.33783789142227,0.94,0.867,2.11558058114139e-28,"Macrophage","JUN"
3.86642468892184e-11,1.32239603334254,0.669,0.638,1.29672151217061e-06,"Macrophage","NFKBIZ"
1.07602208542281e-11,1.32107876668079,0.709,0.704,3.60876287009101e-07,"Macrophage","DDX3X"
5.47278189500389e-09,1.2875071156872,0.595,0.546,0.000183546159194641,"Macrophage","BTG2"
2.51914579420351e-41,1.27923528636938,0.977,0.968,8.44871116459974e-37,"Macrophage","MT-ND2"
2.71940812414116e-20,1.25740930626916,0.776,0.747,9.12035096674462e-16,"Macrophage","XIST"
3.54156763106377e-13,1.23592720870373,0.686,0.674,1.18777095210617e-08,"Macrophage","TRA2B"
4.45786859790072e-13,1.22644684839963,0.649,0.59,1.49507997036394e-08,"Macrophage","STAB1"
6.59887778918652e-17,1.21313019459539,0.769,0.681,2.21313163293737e-12,"Macrophage","EGR1"
4.93365211785056e-30,1.20067807665411,0.836,0.769,1.65464824728472e-25,"Macrophage","CCNL1"
2.56691564997391e-11,1.18088169548413,0.642,0.627,8.60892170688249e-07,"Macrophage","CLK1"
1.59064182120107e-17,1.16308056683267,0.783,0.757,5.33469453994416e-13,"Macrophage","HNRNPU"
4.72001932962177e-42,1.14005534371361,0.98,0.868,1.58300008276855e-37,"Macrophage","NEAT1"
2.66073582572336e-15,1.13644109595357,0.799,0.779,8.92357581231102e-11,"Macrophage","MAFB"
5.40295378921647e-26,1.13544585240503,0.886,0.809,1.81204264182742e-21,"Macrophage","FOS"
1.27528966943492e-29,1.12290900510758,0.953,0.935,4.27706649335082e-25,"Macrophage","MT-ND5"
1.48964304440047e-07,1.10761437022324,0.632,0.632,0.00499596484231031,"Macrophage","IFRD1"
1.4808049856004e-20,1.09941194392154,0.86,0.794,4.96632376070661e-16,"Macrophage","IER2"
3.22895258794995e-54,6.44406001155124,0.257,0.007,1.08292611894666e-49,"Proliferating_myeloid","RASGEF1C"
7.11371574414977e-54,3.60574073234738,0.283,0.012,2.38579798627295e-49,"Proliferating_myeloid","GNLY"
5.88785141297562e-69,3.45596361028532,0.429,0.033,1.97466760688377e-64,"Proliferating_myeloid","NUAK1"
4.52425583043763e-91,3.41353674068175,0.482,0.022,1.51734492041217e-86,"Proliferating_myeloid","MCF2L"
6.76646495181424e-50,3.17071589367307,0.262,0.011,2.26933701553946e-45,"Proliferating_myeloid","ADAMTSL2"
4.15749067574963e-46,3.12109655617656,0.393,0.054,1.39433922283291e-41,"Proliferating_myeloid","TNFAIP8L3"
8.35416836377577e-40,3.06521604779484,0.262,0.021,2.80182098584312e-35,"Proliferating_myeloid","C12orf75"
8.36584232496747e-39,3.02692346811778,0.272,0.026,2.80573619894759e-34,"Proliferating_myeloid","RAMP1"
5.56902994347163e-78,2.9953329553126,0.665,0.105,1.86774126244151e-73,"Proliferating_myeloid","RGS16"
1.10718349790848e-56,2.92299789852497,0.351,0.025,3.71327201528545e-52,"Proliferating_myeloid","CX3CR1"
2.3856492967966e-77,2.88804409446089,0.45,0.027,8.00099061159644e-73,"Proliferating_myeloid","ADGRG1"
6.52731604220947e-26,2.83480623090919,0.272,0.049,2.18913125423621e-21,"Proliferating_myeloid","ARG2"
9.86110508347463e-58,2.80243653186986,0.539,0.089,3.30721742289572e-53,"Proliferating_myeloid","SPATA13"
1.49915640180125e-34,2.79383461338914,0.288,0.037,5.02787074036104e-30,"Proliferating_myeloid","RTTN"
1.72623965713857e-24,2.7737770631508,0.403,0.123,5.78946256211134e-20,"Proliferating_myeloid","CSF1"
2.31507504847207e-66,2.63728342751549,0.607,0.103,7.76429869756564e-62,"Proliferating_myeloid","SOCS6"
1.58190171059262e-62,2.58112231692436,0.728,0.174,5.30538195698553e-58,"Proliferating_myeloid","CH25H"
1.12612758031222e-68,2.54962619583091,0.607,0.095,3.77680667885114e-64,"Proliferating_myeloid","SCIN"
3.4407258551729e-34,2.51976718903303,0.628,0.232,1.15395063730789e-29,"Proliferating_myeloid","SERPINE1"
3.30338873540943e-59,2.46454696956587,0.419,0.04,1.10789051408161e-54,"Proliferating_myeloid","TMEM119"
5.3327325314065e-26,2.42556740951594,0.283,0.051,1.78849183638311e-21,"Proliferating_myeloid","NEU4"
3.10607048360543e-53,2.4025438093807,0.508,0.083,1.04171391879159e-48,"Proliferating_myeloid","PDGFA"
2.93508211095905e-31,2.35734629596247,0.298,0.046,9.84367838373445e-27,"Proliferating_myeloid","TLN2"
2.97590910665029e-28,2.33834381236767,0.251,0.035,9.98060396188374e-24,"Proliferating_myeloid","SUSD3"
6.90913569063071e-21,2.30667308234559,0.351,0.104,2.31718592792373e-16,"Proliferating_myeloid","SRGAP2B"
